solution_id,day,day_name,hour,type,engagement,reach,retention,saturation,prod_time
0,0,Lunes,16,video,0.528811,0.510682,0.745971,0.0,2.228571
0,1,Martes,15,video,0.528811,0.510682,0.745971,0.0,2.228571
0,6,Domingo,8,video,0.528811,0.510682,0.745971,0.0,2.228571
0,0,Lunes,8,image,0.528811,0.510682,0.745971,0.0,2.228571
0,4,Viernes,13,video,0.528811,0.510682,0.745971,0.0,2.228571
0,5,Sábado,21,reel,0.528811,0.510682,0.745971,0.0,2.228571
0,6,Domingo,15,video,0.528811,0.510682,0.745971,0.0,2.228571
0,1,Martes,21,carousel,0.528811,0.510682,0.745971,0.0,2.228571
0,5,Sábado,16,image,0.528811,0.510682,0.745971,0.0,2.228571
0,4,Viernes,17,video,0.528811,0.510682,0.745971,0.0,2.228571
0,2,Miércoles,21,reel,0.528811,0.510682,0.745971,0.0,2.228571
0,3,Jueves,15,reel,0.528811,0.510682,0.745971,0.0,2.228571
0,2,Miércoles,15,video,0.528811,0.510682,0.745971,0.0,2.228571
0,3,Jueves,19,reel,0.528811,0.510682,0.745971,0.0,2.228571
1,1,Martes,22,image,0.140386,0.11542,0.270036,0.142857,0.257143
1,2,Miércoles,14,story,0.140386,0.11542,0.270036,0.142857,0.257143
1,2,Miércoles,11,image,0.140386,0.11542,0.270036,0.142857,0.257143
1,4,Viernes,19,story,0.140386,0.11542,0.270036,0.142857,0.257143
1,1,Martes,10,image,0.140386,0.11542,0.270036,0.142857,0.257143
1,5,Sábado,6,story,0.140386,0.11542,0.270036,0.142857,0.257143
1,4,Viernes,15,story,0.140386,0.11542,0.270036,0.142857,0.257143
1,3,Jueves,12,story,0.140386,0.11542,0.270036,0.142857,0.257143
1,3,Jueves,17,story,0.140386,0.11542,0.270036,0.142857,0.257143
1,6,Domingo,10,story,0.140386,0.11542,0.270036,0.142857,0.257143
1,0,Lunes,11,image,0.140386,0.11542,0.270036,0.142857,0.257143
1,0,Lunes,22,story,0.140386,0.11542,0.270036,0.142857,0.257143
1,5,Sábado,10,story,0.140386,0.11542,0.270036,0.142857,0.257143
1,6,Domingo,19,story,0.140386,0.11542,0.270036,0.142857,0.257143
2,4,Viernes,22,short,0.641354,0.619098,0.894507,0.076923,3.314286
2,4,Viernes,16,short,0.641354,0.619098,0.894507,0.076923,3.314286
2,5,Sábado,18,short,0.641354,0.619098,0.894507,0.076923,3.314286
2,5,Sábado,21,video,0.641354,0.619098,0.894507,0.076923,3.314286
2,0,Lunes,19,video,0.641354,0.619098,0.894507,0.076923,3.314286
2,6,Domingo,22,short,0.641354,0.619098,0.894507,0.076923,3.314286
2,0,Lunes,11,video,0.641354,0.619098,0.894507,0.076923,3.314286
2,2,Miércoles,17,short,0.641354,0.619098,0.894507,0.076923,3.314286
2,6,Domingo,20,video,0.641354,0.619098,0.894507,0.076923,3.314286
2,3,Jueves,9,video,0.641354,0.619098,0.894507,0.076923,3.314286
2,3,Jueves,19,short,0.641354,0.619098,0.894507,0.076923,3.314286
2,1,Martes,16,video,0.641354,0.619098,0.894507,0.076923,3.314286
2,2,Miércoles,15,short,0.641354,0.619098,0.894507,0.076923,3.314286
2,1,Martes,12,video,0.641354,0.619098,0.894507,0.076923,3.314286
3,4,Viernes,18,video,0.69926,0.667283,0.949171,0.692308,2.914286
3,1,Martes,15,video,0.69926,0.667283,0.949171,0.692308,2.914286
3,2,Miércoles,13,video,0.69926,0.667283,0.949171,0.692308,2.914286
3,2,Miércoles,19,video,0.69926,0.667283,0.949171,0.692308,2.914286
3,1,Martes,16,video,0.69926,0.667283,0.949171,0.692308,2.914286
3,3,Jueves,17,video,0.69926,0.667283,0.949171,0.692308,2.914286
3,3,Jueves,12,video,0.69926,0.667283,0.949171,0.692308,2.914286
3,0,Lunes,20,video,0.69926,0.667283,0.949171,0.692308,2.914286
3,6,Domingo,19,video,0.69926,0.667283,0.949171,0.692308,2.914286
3,5,Sábado,18,video,0.69926,0.667283,0.949171,0.692308,2.914286
3,6,Domingo,21,video,0.69926,0.667283,0.949171,0.692308,2.914286
3,5,Sábado,18,video,0.69926,0.667283,0.949171,0.692308,2.914286
3,0,Lunes,22,video,0.69926,0.667283,0.949171,0.692308,2.914286
3,4,Viernes,17,video,0.69926,0.667283,0.949171,0.692308,2.914286
4,2,Miércoles,20,video,0.689174,0.685308,0.885243,0.192308,3.142857
4,0,Lunes,15,video,0.689174,0.685308,0.885243,0.192308,3.142857
4,2,Miércoles,18,reel,0.689174,0.685308,0.885243,0.192308,3.142857
4,6,Domingo,15,video,0.689174,0.685308,0.885243,0.192308,3.142857
4,4,Viernes,20,short,0.689174,0.685308,0.885243,0.192308,3.142857
4,5,Sábado,17,video,0.689174,0.685308,0.885243,0.192308,3.142857
4,1,Martes,16,short,0.689174,0.685308,0.885243,0.192308,3.142857
4,3,Jueves,21,video,0.689174,0.685308,0.885243,0.192308,3.142857
4,4,Viernes,17,video,0.689174,0.685308,0.885243,0.192308,3.142857
4,3,Jueves,15,short,0.689174,0.685308,0.885243,0.192308,3.142857
4,6,Domingo,17,short,0.689174,0.685308,0.885243,0.192308,3.142857
4,1,Martes,16,short,0.689174,0.685308,0.885243,0.192308,3.142857
4,0,Lunes,17,video,0.689174,0.685308,0.885243,0.192308,3.142857
4,5,Sábado,19,video,0.689174,0.685308,0.885243,0.192308,3.142857
5,3,Jueves,13,story,0.136668,0.131196,0.281179,0.130495,0.271429
5,6,Domingo,11,story,0.136668,0.131196,0.281179,0.130495,0.271429
5,2,Miércoles,17,image,0.136668,0.131196,0.281179,0.130495,0.271429
5,4,Viernes,10,story,0.136668,0.131196,0.281179,0.130495,0.271429
5,1,Martes,10,story,0.136668,0.131196,0.281179,0.130495,0.271429
5,3,Jueves,21,story,0.136668,0.131196,0.281179,0.130495,0.271429
5,5,Sábado,11,image,0.136668,0.131196,0.281179,0.130495,0.271429
5,0,Lunes,15,story,0.136668,0.131196,0.281179,0.130495,0.271429
5,4,Viernes,8,image,0.136668,0.131196,0.281179,0.130495,0.271429
5,0,Lunes,10,story,0.136668,0.131196,0.281179,0.130495,0.271429
5,6,Domingo,11,story,0.136668,0.131196,0.281179,0.130495,0.271429
5,2,Miércoles,21,image,0.136668,0.131196,0.281179,0.130495,0.271429
5,5,Sábado,17,image,0.136668,0.131196,0.281179,0.130495,0.271429
5,1,Martes,19,story,0.136668,0.131196,0.281179,0.130495,0.271429
6,2,Miércoles,22,image,0.140565,0.123576,0.269921,0.270604,0.242857
6,5,Sábado,14,story,0.140565,0.123576,0.269921,0.270604,0.242857
6,2,Miércoles,19,image,0.140565,0.123576,0.269921,0.270604,0.242857
6,4,Viernes,20,story,0.140565,0.123576,0.269921,0.270604,0.242857
6,1,Martes,10,image,0.140565,0.123576,0.269921,0.270604,0.242857
6,0,Lunes,11,story,0.140565,0.123576,0.269921,0.270604,0.242857
6,1,Martes,11,story,0.140565,0.123576,0.269921,0.270604,0.242857
6,0,Lunes,15,story,0.140565,0.123576,0.269921,0.270604,0.242857
6,4,Viernes,14,story,0.140565,0.123576,0.269921,0.270604,0.242857
6,3,Jueves,10,story,0.140565,0.123576,0.269921,0.270604,0.242857
6,3,Jueves,18,story,0.140565,0.123576,0.269921,0.270604,0.242857
6,5,Sábado,6,story,0.140565,0.123576,0.269921,0.270604,0.242857
6,6,Domingo,15,story,0.140565,0.123576,0.269921,0.270604,0.242857
6,6,Domingo,10,story,0.140565,0.123576,0.269921,0.270604,0.242857
7,5,Sábado,21,video,0.605946,0.595534,0.925764,0.641484,2.857143
7,5,Sábado,21,video,0.605946,0.595534,0.925764,0.641484,2.857143
7,4,Viernes,21,video,0.605946,0.595534,0.925764,0.641484,2.857143
7,4,Viernes,22,video,0.605946,0.595534,0.925764,0.641484,2.857143
7,1,Martes,21,video,0.605946,0.595534,0.925764,0.641484,2.857143
7,6,Domingo,13,video,0.605946,0.595534,0.925764,0.641484,2.857143
7,3,Jueves,13,video,0.605946,0.595534,0.925764,0.641484,2.857143
7,6,Domingo,13,video,0.605946,0.595534,0.925764,0.641484,2.857143
7,0,Lunes,10,video,0.605946,0.595534,0.925764,0.641484,2.857143
7,2,Miércoles,9,video,0.605946,0.595534,0.925764,0.641484,2.857143
7,0,Lunes,19,video,0.605946,0.595534,0.925764,0.641484,2.857143
7,3,Jueves,11,video,0.605946,0.595534,0.925764,0.641484,2.857143
7,1,Martes,21,video,0.605946,0.595534,0.925764,0.641484,2.857143
7,2,Miércoles,11,reel,0.605946,0.595534,0.925764,0.641484,2.857143
8,5,Sábado,16,story,0.639792,0.617649,0.892714,0.603022,2.714286
8,1,Martes,15,video,0.639792,0.617649,0.892714,0.603022,2.714286
8,2,Miércoles,13,video,0.639792,0.617649,0.892714,0.603022,2.714286
8,2,Miércoles,19,video,0.639792,0.617649,0.892714,0.603022,2.714286
8,1,Martes,15,video,0.639792,0.617649,0.892714,0.603022,2.714286
8,3,Jueves,11,video,0.639792,0.617649,0.892714,0.603022,2.714286
8,3,Jueves,12,video,0.639792,0.617649,0.892714,0.603022,2.714286
8,0,Lunes,13,video,0.639792,0.617649,0.892714,0.603022,2.714286
8,6,Domingo,19,video,0.639792,0.617649,0.892714,0.603022,2.714286
8,4,Viernes,18,video,0.639792,0.617649,0.892714,0.603022,2.714286
8,6,Domingo,21,video,0.639792,0.617649,0.892714,0.603022,2.714286
8,4,Viernes,17,video,0.639792,0.617649,0.892714,0.603022,2.714286
8,5,Sábado,14,video,0.639792,0.617649,0.892714,0.603022,2.714286
8,0,Lunes,22,video,0.639792,0.617649,0.892714,0.603022,2.714286
9,5,Sábado,18,video,0.681365,0.653764,0.938157,0.56456,2.971429
9,1,Martes,17,video,0.681365,0.653764,0.938157,0.56456,2.971429
9,1,Martes,18,video,0.681365,0.653764,0.938157,0.56456,2.971429
9,2,Miércoles,14,video,0.681365,0.653764,0.938157,0.56456,2.971429
9,5,Sábado,17,video,0.681365,0.653764,0.938157,0.56456,2.971429
9,6,Domingo,20,video,0.681365,0.653764,0.938157,0.56456,2.971429
9,6,Domingo,18,video,0.681365,0.653764,0.938157,0.56456,2.971429
9,0,Lunes,18,short,0.681365,0.653764,0.938157,0.56456,2.971429
9,4,Viernes,21,video,0.681365,0.653764,0.938157,0.56456,2.971429
9,0,Lunes,20,video,0.681365,0.653764,0.938157,0.56456,2.971429
9,3,Jueves,17,video,0.681365,0.653764,0.938157,0.56456,2.971429
9,2,Miércoles,22,video,0.681365,0.653764,0.938157,0.56456,2.971429
9,4,Viernes,13,video,0.681365,0.653764,0.938157,0.56456,2.971429
9,3,Jueves,11,video,0.681365,0.653764,0.938157,0.56456,2.971429
10,6,Domingo,20,video,0.633724,0.605451,0.949164,0.538462,2.914286
10,5,Sábado,9,video,0.633724,0.605451,0.949164,0.538462,2.914286
10,1,Martes,18,video,0.633724,0.605451,0.949164,0.538462,2.914286
10,2,Miércoles,19,video,0.633724,0.605451,0.949164,0.538462,2.914286
10,1,Martes,9,video,0.633724,0.605451,0.949164,0.538462,2.914286
10,5,Sábado,17,video,0.633724,0.605451,0.949164,0.538462,2.914286
10,6,Domingo,22,video,0.633724,0.605451,0.949164,0.538462,2.914286
10,3,Jueves,18,video,0.633724,0.605451,0.949164,0.538462,2.914286
10,0,Lunes,18,video,0.633724,0.605451,0.949164,0.538462,2.914286
10,0,Lunes,21,video,0.633724,0.605451,0.949164,0.538462,2.914286
10,4,Viernes,20,video,0.633724,0.605451,0.949164,0.538462,2.914286
10,4,Viernes,11,video,0.633724,0.605451,0.949164,0.538462,2.914286
10,3,Jueves,22,video,0.633724,0.605451,0.949164,0.538462,2.914286
10,2,Miércoles,22,video,0.633724,0.605451,0.949164,0.538462,2.914286
11,4,Viernes,22,image,0.354994,0.364077,0.571464,0.115385,1.457143
11,6,Domingo,6,story,0.354994,0.364077,0.571464,0.115385,1.457143
11,2,Miércoles,15,story,0.354994,0.364077,0.571464,0.115385,1.457143
11,2,Miércoles,14,story,0.354994,0.364077,0.571464,0.115385,1.457143
11,5,Sábado,11,story,0.354994,0.364077,0.571464,0.115385,1.457143
11,0,Lunes,7,story,0.354994,0.364077,0.571464,0.115385,1.457143
11,3,Jueves,18,image,0.354994,0.364077,0.571464,0.115385,1.457143
11,1,Martes,19,video,0.354994,0.364077,0.571464,0.115385,1.457143
11,5,Sábado,20,video,0.354994,0.364077,0.571464,0.115385,1.457143
11,4,Viernes,22,carousel,0.354994,0.364077,0.571464,0.115385,1.457143
11,0,Lunes,13,video,0.354994,0.364077,0.571464,0.115385,1.457143
11,3,Jueves,17,video,0.354994,0.364077,0.571464,0.115385,1.457143
11,1,Martes,12,video,0.354994,0.364077,0.571464,0.115385,1.457143
11,6,Domingo,18,video,0.354994,0.364077,0.571464,0.115385,1.457143
12,2,Miércoles,14,image,0.148894,0.128723,0.291614,0.038462,0.342857
12,4,Viernes,21,carousel,0.148894,0.128723,0.291614,0.038462,0.342857
12,5,Sábado,10,image,0.148894,0.128723,0.291614,0.038462,0.342857
12,3,Jueves,12,story,0.148894,0.128723,0.291614,0.038462,0.342857
12,3,Jueves,22,story,0.148894,0.128723,0.291614,0.038462,0.342857
12,5,Sábado,9,story,0.148894,0.128723,0.291614,0.038462,0.342857
12,6,Domingo,14,story,0.148894,0.128723,0.291614,0.038462,0.342857
12,0,Lunes,7,story,0.148894,0.128723,0.291614,0.038462,0.342857
12,2,Miércoles,20,image,0.148894,0.128723,0.291614,0.038462,0.342857
12,1,Martes,21,story,0.148894,0.128723,0.291614,0.038462,0.342857
12,1,Martes,11,image,0.148894,0.128723,0.291614,0.038462,0.342857
12,4,Viernes,9,story,0.148894,0.128723,0.291614,0.038462,0.342857
12,0,Lunes,10,story,0.148894,0.128723,0.291614,0.038462,0.342857
12,6,Domingo,17,image,0.148894,0.128723,0.291614,0.038462,0.342857
13,4,Viernes,14,video,0.433317,0.399728,0.698343,0.038462,2.057143
13,5,Sábado,8,reel,0.433317,0.399728,0.698343,0.038462,2.057143
13,3,Jueves,13,image,0.433317,0.399728,0.698343,0.038462,2.057143
13,1,Martes,13,story,0.433317,0.399728,0.698343,0.038462,2.057143
13,6,Domingo,12,video,0.433317,0.399728,0.698343,0.038462,2.057143
13,0,Lunes,13,video,0.433317,0.399728,0.698343,0.038462,2.057143
13,2,Miércoles,16,carousel,0.433317,0.399728,0.698343,0.038462,2.057143
13,5,Sábado,12,video,0.433317,0.399728,0.698343,0.038462,2.057143
13,6,Domingo,18,story,0.433317,0.399728,0.698343,0.038462,2.057143
13,3,Jueves,20,short,0.433317,0.399728,0.698343,0.038462,2.057143
13,4,Viernes,12,video,0.433317,0.399728,0.698343,0.038462,2.057143
13,0,Lunes,17,image,0.433317,0.399728,0.698343,0.038462,2.057143
13,2,Miércoles,11,video,0.433317,0.399728,0.698343,0.038462,2.057143
13,1,Martes,10,video,0.433317,0.399728,0.698343,0.038462,2.057143
14,6,Domingo,20,video,0.622352,0.613519,0.932536,0.487637,2.971429
14,5,Sábado,9,video,0.622352,0.613519,0.932536,0.487637,2.971429
14,1,Martes,18,video,0.622352,0.613519,0.932536,0.487637,2.971429
14,6,Domingo,14,video,0.622352,0.613519,0.932536,0.487637,2.971429
14,5,Sábado,17,video,0.622352,0.613519,0.932536,0.487637,2.971429
14,0,Lunes,13,short,0.622352,0.613519,0.932536,0.487637,2.971429
14,4,Viernes,19,video,0.622352,0.613519,0.932536,0.487637,2.971429
14,0,Lunes,10,video,0.622352,0.613519,0.932536,0.487637,2.971429
14,3,Jueves,20,video,0.622352,0.613519,0.932536,0.487637,2.971429
14,2,Miércoles,8,video,0.622352,0.613519,0.932536,0.487637,2.971429
14,1,Martes,18,video,0.622352,0.613519,0.932536,0.487637,2.971429
14,3,Jueves,21,video,0.622352,0.613519,0.932536,0.487637,2.971429
14,4,Viernes,13,video,0.622352,0.613519,0.932536,0.487637,2.971429
14,2,Miércoles,11,video,0.622352,0.613519,0.932536,0.487637,2.971429
15,6,Domingo,22,video,0.682276,0.648225,0.906336,0.168956,3.2
15,4,Viernes,15,short,0.682276,0.648225,0.906336,0.168956,3.2
15,4,Viernes,18,short,0.682276,0.648225,0.906336,0.168956,3.2
15,5,Sábado,16,video,0.682276,0.648225,0.906336,0.168956,3.2
15,2,Miércoles,15,short,0.682276,0.648225,0.906336,0.168956,3.2
15,0,Lunes,7,video,0.682276,0.648225,0.906336,0.168956,3.2
15,6,Domingo,15,video,0.682276,0.648225,0.906336,0.168956,3.2
15,0,Lunes,19,video,0.682276,0.648225,0.906336,0.168956,3.2
15,5,Sábado,15,video,0.682276,0.648225,0.906336,0.168956,3.2
15,2,Miércoles,16,short,0.682276,0.648225,0.906336,0.168956,3.2
15,1,Martes,18,video,0.682276,0.648225,0.906336,0.168956,3.2
15,3,Jueves,15,video,0.682276,0.648225,0.906336,0.168956,3.2
15,3,Jueves,9,short,0.682276,0.648225,0.906336,0.168956,3.2
15,1,Martes,16,video,0.682276,0.648225,0.906336,0.168956,3.2
16,4,Viernes,18,video,0.415626,0.388378,0.608407,0.038462,1.657143
16,1,Martes,6,short,0.415626,0.388378,0.608407,0.038462,1.657143
16,5,Sábado,13,image,0.415626,0.388378,0.608407,0.038462,1.657143
16,1,Martes,14,story,0.415626,0.388378,0.608407,0.038462,1.657143
16,3,Jueves,21,video,0.415626,0.388378,0.608407,0.038462,1.657143
16,3,Jueves,15,video,0.415626,0.388378,0.608407,0.038462,1.657143
16,6,Domingo,15,image,0.415626,0.388378,0.608407,0.038462,1.657143
16,5,Sábado,19,reel,0.415626,0.388378,0.608407,0.038462,1.657143
16,4,Viernes,21,story,0.415626,0.388378,0.608407,0.038462,1.657143
16,0,Lunes,15,story,0.415626,0.388378,0.608407,0.038462,1.657143
16,6,Domingo,16,video,0.415626,0.388378,0.608407,0.038462,1.657143
16,2,Miércoles,20,reel,0.415626,0.388378,0.608407,0.038462,1.657143
16,2,Miércoles,13,reel,0.415626,0.388378,0.608407,0.038462,1.657143
16,0,Lunes,21,story,0.415626,0.388378,0.608407,0.038462,1.657143
17,2,Miércoles,14,video,0.251651,0.221971,0.391993,0.053571,0.714286
17,4,Viernes,6,story,0.251651,0.221971,0.391993,0.053571,0.714286
17,5,Sábado,16,image,0.251651,0.221971,0.391993,0.053571,0.714286
17,0,Lunes,12,story,0.251651,0.221971,0.391993,0.053571,0.714286
17,1,Martes,10,story,0.251651,0.221971,0.391993,0.053571,0.714286
17,2,Miércoles,10,story,0.251651,0.221971,0.391993,0.053571,0.714286
17,4,Viernes,14,story,0.251651,0.221971,0.391993,0.053571,0.714286
17,6,Domingo,18,story,0.251651,0.221971,0.391993,0.053571,0.714286
17,6,Domingo,14,video,0.251651,0.221971,0.391993,0.053571,0.714286
17,1,Martes,22,story,0.251651,0.221971,0.391993,0.053571,0.714286
17,3,Jueves,9,story,0.251651,0.221971,0.391993,0.053571,0.714286
17,3,Jueves,17,image,0.251651,0.221971,0.391993,0.053571,0.714286
17,5,Sábado,11,reel,0.251651,0.221971,0.391993,0.053571,0.714286
17,0,Lunes,21,story,0.251651,0.221971,0.391993,0.053571,0.714286
18,5,Sábado,16,story,0.487083,0.456205,0.788221,0.296703,2.342857
18,1,Martes,15,reel,0.487083,0.456205,0.788221,0.296703,2.342857
18,6,Domingo,13,video,0.487083,0.456205,0.788221,0.296703,2.342857
18,4,Viernes,19,video,0.487083,0.456205,0.788221,0.296703,2.342857
18,1,Martes,15,carousel,0.487083,0.456205,0.788221,0.296703,2.342857
18,5,Sábado,11,video,0.487083,0.456205,0.788221,0.296703,2.342857
18,6,Domingo,12,video,0.487083,0.456205,0.788221,0.296703,2.342857
18,0,Lunes,13,video,0.487083,0.456205,0.788221,0.296703,2.342857
18,3,Jueves,6,video,0.487083,0.456205,0.788221,0.296703,2.342857
18,3,Jueves,7,video,0.487083,0.456205,0.788221,0.296703,2.342857
18,0,Lunes,22,story,0.487083,0.456205,0.788221,0.296703,2.342857
18,2,Miércoles,21,video,0.487083,0.456205,0.788221,0.296703,2.342857
18,4,Viernes,21,video,0.487083,0.456205,0.788221,0.296703,2.342857
18,2,Miércoles,11,video,0.487083,0.456205,0.788221,0.296703,2.342857
19,2,Miércoles,22,image,0.239035,0.216288,0.410579,0.0,0.828571
19,4,Viernes,17,story,0.239035,0.216288,0.410579,0.0,0.828571
19,4,Viernes,13,story,0.239035,0.216288,0.410579,0.0,0.828571
19,1,Martes,16,image,0.239035,0.216288,0.410579,0.0,0.828571
19,5,Sábado,12,story,0.239035,0.216288,0.410579,0.0,0.828571
19,5,Sábado,17,reel,0.239035,0.216288,0.410579,0.0,0.828571
19,3,Jueves,10,image,0.239035,0.216288,0.410579,0.0,0.828571
19,0,Lunes,15,carousel,0.239035,0.216288,0.410579,0.0,0.828571
19,0,Lunes,10,video,0.239035,0.216288,0.410579,0.0,0.828571
19,3,Jueves,21,video,0.239035,0.216288,0.410579,0.0,0.828571
19,6,Domingo,18,story,0.239035,0.216288,0.410579,0.0,0.828571
19,6,Domingo,8,story,0.239035,0.216288,0.410579,0.0,0.828571
19,2,Miércoles,19,story,0.239035,0.216288,0.410579,0.0,0.828571
19,1,Martes,13,story,0.239035,0.216288,0.410579,0.0,0.828571
20,3,Jueves,22,story,0.182235,0.170176,0.321521,0.130495,0.485714
20,3,Jueves,11,story,0.182235,0.170176,0.321521,0.130495,0.485714
20,5,Sábado,19,image,0.182235,0.170176,0.321521,0.130495,0.485714
20,4,Viernes,15,image,0.182235,0.170176,0.321521,0.130495,0.485714
20,0,Lunes,19,story,0.182235,0.170176,0.321521,0.130495,0.485714
20,2,Miércoles,9,carousel,0.182235,0.170176,0.321521,0.130495,0.485714
20,1,Martes,21,video,0.182235,0.170176,0.321521,0.130495,0.485714
20,1,Martes,22,story,0.182235,0.170176,0.321521,0.130495,0.485714
20,2,Miércoles,15,story,0.182235,0.170176,0.321521,0.130495,0.485714
20,6,Domingo,13,story,0.182235,0.170176,0.321521,0.130495,0.485714
20,4,Viernes,10,story,0.182235,0.170176,0.321521,0.130495,0.485714
20,5,Sábado,20,story,0.182235,0.170176,0.321521,0.130495,0.485714
20,0,Lunes,11,story,0.182235,0.170176,0.321521,0.130495,0.485714
20,6,Domingo,9,image,0.182235,0.170176,0.321521,0.130495,0.485714
21,0,Lunes,16,carousel,0.222377,0.205827,0.371014,0.0,0.685714
21,1,Martes,15,video,0.222377,0.205827,0.371014,0.0,0.685714
21,2,Miércoles,16,image,0.222377,0.205827,0.371014,0.0,0.685714
21,4,Viernes,19,story,0.222377,0.205827,0.371014,0.0,0.685714
21,1,Martes,10,story,0.222377,0.205827,0.371014,0.0,0.685714
21,5,Sábado,6,story,0.222377,0.205827,0.371014,0.0,0.685714
21,4,Viernes,15,story,0.222377,0.205827,0.371014,0.0,0.685714
21,3,Jueves,12,story,0.222377,0.205827,0.371014,0.0,0.685714
21,3,Jueves,17,story,0.222377,0.205827,0.371014,0.0,0.685714
21,6,Domingo,10,video,0.222377,0.205827,0.371014,0.0,0.685714
21,0,Lunes,11,image,0.222377,0.205827,0.371014,0.0,0.685714
21,6,Domingo,19,image,0.222377,0.205827,0.371014,0.0,0.685714
21,2,Miércoles,22,story,0.222377,0.205827,0.371014,0.0,0.685714
21,5,Sábado,10,story,0.222377,0.205827,0.371014,0.0,0.685714
22,0,Lunes,19,video,0.423662,0.412751,0.665671,0.192308,1.771429
22,4,Viernes,7,story,0.423662,0.412751,0.665671,0.192308,1.771429
22,3,Jueves,18,video,0.423662,0.412751,0.665671,0.192308,1.771429
22,1,Martes,20,story,0.423662,0.412751,0.665671,0.192308,1.771429
22,5,Sábado,12,video,0.423662,0.412751,0.665671,0.192308,1.771429
22,5,Sábado,13,video,0.423662,0.412751,0.665671,0.192308,1.771429
22,2,Miércoles,19,video,0.423662,0.412751,0.665671,0.192308,1.771429
22,4,Viernes,10,video,0.423662,0.412751,0.665671,0.192308,1.771429
22,6,Domingo,10,video,0.423662,0.412751,0.665671,0.192308,1.771429
22,2,Miércoles,20,story,0.423662,0.412751,0.665671,0.192308,1.771429
22,6,Domingo,11,image,0.423662,0.412751,0.665671,0.192308,1.771429
22,1,Martes,16,video,0.423662,0.412751,0.665671,0.192308,1.771429
22,3,Jueves,19,story,0.423662,0.412751,0.665671,0.192308,1.771429
22,0,Lunes,19,image,0.423662,0.412751,0.665671,0.192308,1.771429
23,4,Viernes,21,video,0.506564,0.495314,0.840214,0.424451,2.485714
23,5,Sábado,6,video,0.506564,0.495314,0.840214,0.424451,2.485714
23,4,Viernes,21,video,0.506564,0.495314,0.840214,0.424451,2.485714
23,0,Lunes,11,video,0.506564,0.495314,0.840214,0.424451,2.485714
23,1,Martes,21,video,0.506564,0.495314,0.840214,0.424451,2.485714
23,1,Martes,13,image,0.506564,0.495314,0.840214,0.424451,2.485714
23,6,Domingo,16,video,0.506564,0.495314,0.840214,0.424451,2.485714
23,6,Domingo,18,video,0.506564,0.495314,0.840214,0.424451,2.485714
23,2,Miércoles,9,story,0.506564,0.495314,0.840214,0.424451,2.485714
23,0,Lunes,13,video,0.506564,0.495314,0.840214,0.424451,2.485714
23,3,Jueves,9,video,0.506564,0.495314,0.840214,0.424451,2.485714
23,5,Sábado,10,video,0.506564,0.495314,0.840214,0.424451,2.485714
23,3,Jueves,11,video,0.506564,0.495314,0.840214,0.424451,2.485714
23,2,Miércoles,11,reel,0.506564,0.495314,0.840214,0.424451,2.485714
24,3,Jueves,13,story,0.184863,0.176204,0.340657,0.153846,0.542857
24,3,Jueves,11,story,0.184863,0.176204,0.340657,0.153846,0.542857
24,2,Miércoles,17,image,0.184863,0.176204,0.340657,0.153846,0.542857
24,5,Sábado,10,story,0.184863,0.176204,0.340657,0.153846,0.542857
24,1,Martes,22,story,0.184863,0.176204,0.340657,0.153846,0.542857
24,5,Sábado,11,image,0.184863,0.176204,0.340657,0.153846,0.542857
24,0,Lunes,11,story,0.184863,0.176204,0.340657,0.153846,0.542857
24,4,Viernes,22,image,0.184863,0.176204,0.340657,0.153846,0.542857
24,0,Lunes,10,carousel,0.184863,0.176204,0.340657,0.153846,0.542857
24,6,Domingo,21,story,0.184863,0.176204,0.340657,0.153846,0.542857
24,6,Domingo,21,image,0.184863,0.176204,0.340657,0.153846,0.542857
24,4,Viernes,17,image,0.184863,0.176204,0.340657,0.153846,0.542857
24,1,Martes,19,video,0.184863,0.176204,0.340657,0.153846,0.542857
24,2,Miércoles,21,story,0.184863,0.176204,0.340657,0.153846,0.542857
25,5,Sábado,11,image,0.40462,0.391452,0.598357,0.115385,1.685714
25,4,Viernes,14,story,0.40462,0.391452,0.598357,0.115385,1.685714
25,2,Miércoles,8,image,0.40462,0.391452,0.598357,0.115385,1.685714
25,3,Jueves,14,story,0.40462,0.391452,0.598357,0.115385,1.685714
25,3,Jueves,9,video,0.40462,0.391452,0.598357,0.115385,1.685714
25,2,Miércoles,10,video,0.40462,0.391452,0.598357,0.115385,1.685714
25,6,Domingo,15,video,0.40462,0.391452,0.598357,0.115385,1.685714
25,5,Sábado,19,carousel,0.40462,0.391452,0.598357,0.115385,1.685714
25,0,Lunes,20,reel,0.40462,0.391452,0.598357,0.115385,1.685714
25,4,Viernes,21,short,0.40462,0.391452,0.598357,0.115385,1.685714
25,0,Lunes,21,story,0.40462,0.391452,0.598357,0.115385,1.685714
25,6,Domingo,15,video,0.40462,0.391452,0.598357,0.115385,1.685714
25,1,Martes,13,image,0.40462,0.391452,0.598357,0.115385,1.685714
25,1,Martes,17,video,0.40462,0.391452,0.598357,0.115385,1.685714
26,4,Viernes,22,video,0.469001,0.456253,0.68625,0.038462,1.942857
26,1,Martes,6,carousel,0.469001,0.456253,0.68625,0.038462,1.942857
26,5,Sábado,7,image,0.469001,0.456253,0.68625,0.038462,1.942857
26,1,Martes,12,story,0.469001,0.456253,0.68625,0.038462,1.942857
26,3,Jueves,21,video,0.469001,0.456253,0.68625,0.038462,1.942857
26,2,Miércoles,15,video,0.469001,0.456253,0.68625,0.038462,1.942857
26,3,Jueves,15,image,0.469001,0.456253,0.68625,0.038462,1.942857
26,2,Miércoles,12,video,0.469001,0.456253,0.68625,0.038462,1.942857
26,4,Viernes,21,video,0.469001,0.456253,0.68625,0.038462,1.942857
26,5,Sábado,14,story,0.469001,0.456253,0.68625,0.038462,1.942857
26,6,Domingo,20,reel,0.469001,0.456253,0.68625,0.038462,1.942857
26,0,Lunes,20,video,0.469001,0.456253,0.68625,0.038462,1.942857
26,0,Lunes,14,reel,0.469001,0.456253,0.68625,0.038462,1.942857
26,6,Domingo,15,video,0.469001,0.456253,0.68625,0.038462,1.942857
27,4,Viernes,9,story,0.35362,0.327931,0.525557,0.0,1.257143
27,4,Viernes,21,story,0.35362,0.327931,0.525557,0.0,1.257143
27,5,Sábado,20,video,0.35362,0.327931,0.525557,0.0,1.257143
27,1,Martes,9,story,0.35362,0.327931,0.525557,0.0,1.257143
27,5,Sábado,11,video,0.35362,0.327931,0.525557,0.0,1.257143
27,2,Miércoles,8,story,0.35362,0.327931,0.525557,0.0,1.257143
27,6,Domingo,16,video,0.35362,0.327931,0.525557,0.0,1.257143
27,2,Miércoles,14,video,0.35362,0.327931,0.525557,0.0,1.257143
27,0,Lunes,11,reel,0.35362,0.327931,0.525557,0.0,1.257143
27,3,Jueves,16,story,0.35362,0.327931,0.525557,0.0,1.257143
27,3,Jueves,19,video,0.35362,0.327931,0.525557,0.0,1.257143
27,6,Domingo,10,story,0.35362,0.327931,0.525557,0.0,1.257143
27,1,Martes,21,story,0.35362,0.327931,0.525557,0.0,1.257143
27,0,Lunes,22,story,0.35362,0.327931,0.525557,0.0,1.257143
28,2,Miércoles,21,video,0.572995,0.561924,0.926607,0.449176,2.857143
28,5,Sábado,8,video,0.572995,0.561924,0.926607,0.449176,2.857143
28,4,Viernes,21,video,0.572995,0.561924,0.926607,0.449176,2.857143
28,4,Viernes,11,video,0.572995,0.561924,0.926607,0.449176,2.857143
28,1,Martes,21,video,0.572995,0.561924,0.926607,0.449176,2.857143
28,1,Martes,13,video,0.572995,0.561924,0.926607,0.449176,2.857143
28,6,Domingo,13,video,0.572995,0.561924,0.926607,0.449176,2.857143
28,6,Domingo,18,video,0.572995,0.561924,0.926607,0.449176,2.857143
28,2,Miércoles,9,video,0.572995,0.561924,0.926607,0.449176,2.857143
28,0,Lunes,22,video,0.572995,0.561924,0.926607,0.449176,2.857143
28,3,Jueves,21,video,0.572995,0.561924,0.926607,0.449176,2.857143
28,0,Lunes,11,reel,0.572995,0.561924,0.926607,0.449176,2.857143
28,5,Sábado,10,video,0.572995,0.561924,0.926607,0.449176,2.857143
28,3,Jueves,11,video,0.572995,0.561924,0.926607,0.449176,2.857143
29,4,Viernes,18,story,0.301082,0.290943,0.441907,0.142857,0.914286
29,4,Viernes,21,story,0.301082,0.290943,0.441907,0.142857,0.914286
29,1,Martes,20,video,0.301082,0.290943,0.441907,0.142857,0.914286
29,1,Martes,9,story,0.301082,0.290943,0.441907,0.142857,0.914286
29,5,Sábado,11,story,0.301082,0.290943,0.441907,0.142857,0.914286
29,0,Lunes,21,story,0.301082,0.290943,0.441907,0.142857,0.914286
29,2,Miércoles,8,story,0.301082,0.290943,0.441907,0.142857,0.914286
29,6,Domingo,14,video,0.301082,0.290943,0.441907,0.142857,0.914286
29,3,Jueves,22,story,0.301082,0.290943,0.441907,0.142857,0.914286
29,2,Miércoles,15,video,0.301082,0.290943,0.441907,0.142857,0.914286
29,0,Lunes,11,story,0.301082,0.290943,0.441907,0.142857,0.914286
29,3,Jueves,13,story,0.301082,0.290943,0.441907,0.142857,0.914286
29,5,Sábado,19,video,0.301082,0.290943,0.441907,0.142857,0.914286
29,6,Domingo,10,story,0.301082,0.290943,0.441907,0.142857,0.914286
30,3,Jueves,16,video,0.616772,0.57742,0.871671,0.258242,2.885714
30,5,Sábado,10,short,0.616772,0.57742,0.871671,0.258242,2.885714
30,4,Viernes,21,video,0.616772,0.57742,0.871671,0.258242,2.885714
30,4,Viernes,11,video,0.616772,0.57742,0.871671,0.258242,2.885714
30,5,Sábado,11,short,0.616772,0.57742,0.871671,0.258242,2.885714
30,1,Martes,14,video,0.616772,0.57742,0.871671,0.258242,2.885714
30,6,Domingo,19,video,0.616772,0.57742,0.871671,0.258242,2.885714
30,1,Martes,19,short,0.616772,0.57742,0.871671,0.258242,2.885714
30,3,Jueves,19,video,0.616772,0.57742,0.871671,0.258242,2.885714
30,0,Lunes,20,video,0.616772,0.57742,0.871671,0.258242,2.885714
30,0,Lunes,19,video,0.616772,0.57742,0.871671,0.258242,2.885714
30,6,Domingo,22,video,0.616772,0.57742,0.871671,0.258242,2.885714
30,2,Miércoles,20,video,0.616772,0.57742,0.871671,0.258242,2.885714
30,2,Miércoles,18,story,0.616772,0.57742,0.871671,0.258242,2.885714
31,5,Sábado,12,video,0.580015,0.571217,0.820036,0.335165,2.428571
31,4,Viernes,21,video,0.580015,0.571217,0.820036,0.335165,2.428571
31,3,Jueves,21,video,0.580015,0.571217,0.820036,0.335165,2.428571
31,6,Domingo,21,image,0.580015,0.571217,0.820036,0.335165,2.428571
31,6,Domingo,15,video,0.580015,0.571217,0.820036,0.335165,2.428571
31,3,Jueves,18,video,0.580015,0.571217,0.820036,0.335165,2.428571
31,0,Lunes,15,video,0.580015,0.571217,0.820036,0.335165,2.428571
31,2,Miércoles,12,video,0.580015,0.571217,0.820036,0.335165,2.428571
31,1,Martes,20,reel,0.580015,0.571217,0.820036,0.335165,2.428571
31,2,Miércoles,14,reel,0.580015,0.571217,0.820036,0.335165,2.428571
31,4,Viernes,21,video,0.580015,0.571217,0.820036,0.335165,2.428571
31,0,Lunes,15,video,0.580015,0.571217,0.820036,0.335165,2.428571
31,1,Martes,20,video,0.580015,0.571217,0.820036,0.335165,2.428571
31,5,Sábado,14,story,0.580015,0.571217,0.820036,0.335165,2.428571
32,4,Viernes,14,video,0.45218,0.436803,0.722979,0.115385,2.114286
32,1,Martes,6,video,0.45218,0.436803,0.722979,0.115385,2.114286
32,3,Jueves,19,image,0.45218,0.436803,0.722979,0.115385,2.114286
32,1,Martes,13,story,0.45218,0.436803,0.722979,0.115385,2.114286
32,5,Sábado,11,story,0.45218,0.436803,0.722979,0.115385,2.114286
32,0,Lunes,10,video,0.45218,0.436803,0.722979,0.115385,2.114286
32,2,Miércoles,16,reel,0.45218,0.436803,0.722979,0.115385,2.114286
32,2,Miércoles,12,video,0.45218,0.436803,0.722979,0.115385,2.114286
32,5,Sábado,10,video,0.45218,0.436803,0.722979,0.115385,2.114286
32,6,Domingo,22,reel,0.45218,0.436803,0.722979,0.115385,2.114286
32,3,Jueves,20,video,0.45218,0.436803,0.722979,0.115385,2.114286
32,0,Lunes,17,carousel,0.45218,0.436803,0.722979,0.115385,2.114286
32,4,Viernes,12,video,0.45218,0.436803,0.722979,0.115385,2.114286
32,6,Domingo,19,video,0.45218,0.436803,0.722979,0.115385,2.114286
33,3,Jueves,14,video,0.656841,0.63437,0.9348,0.398352,3.028571
33,5,Sábado,19,short,0.656841,0.63437,0.9348,0.398352,3.028571
33,4,Viernes,21,video,0.656841,0.63437,0.9348,0.398352,3.028571
33,4,Viernes,11,video,0.656841,0.63437,0.9348,0.398352,3.028571
33,5,Sábado,11,video,0.656841,0.63437,0.9348,0.398352,3.028571
33,1,Martes,21,video,0.656841,0.63437,0.9348,0.398352,3.028571
33,6,Domingo,13,video,0.656841,0.63437,0.9348,0.398352,3.028571
33,2,Miércoles,19,short,0.656841,0.63437,0.9348,0.398352,3.028571
33,2,Miércoles,19,video,0.656841,0.63437,0.9348,0.398352,3.028571
33,0,Lunes,20,video,0.656841,0.63437,0.9348,0.398352,3.028571
33,0,Lunes,19,video,0.656841,0.63437,0.9348,0.398352,3.028571
33,6,Domingo,22,video,0.656841,0.63437,0.9348,0.398352,3.028571
33,3,Jueves,20,video,0.656841,0.63437,0.9348,0.398352,3.028571
33,1,Martes,18,video,0.656841,0.63437,0.9348,0.398352,3.028571
34,3,Jueves,19,story,0.170294,0.156185,0.303314,0.309066,0.371429
34,5,Sábado,11,story,0.170294,0.156185,0.303314,0.309066,0.371429
34,2,Miércoles,17,video,0.170294,0.156185,0.303314,0.309066,0.371429
34,4,Viernes,19,story,0.170294,0.156185,0.303314,0.309066,0.371429
34,1,Martes,10,story,0.170294,0.156185,0.303314,0.309066,0.371429
34,3,Jueves,21,story,0.170294,0.156185,0.303314,0.309066,0.371429
34,1,Martes,11,image,0.170294,0.156185,0.303314,0.309066,0.371429
34,0,Lunes,15,story,0.170294,0.156185,0.303314,0.309066,0.371429
34,4,Viernes,8,story,0.170294,0.156185,0.303314,0.309066,0.371429
34,0,Lunes,10,story,0.170294,0.156185,0.303314,0.309066,0.371429
34,6,Domingo,9,story,0.170294,0.156185,0.303314,0.309066,0.371429
34,2,Miércoles,21,image,0.170294,0.156185,0.303314,0.309066,0.371429
34,5,Sábado,17,story,0.170294,0.156185,0.303314,0.309066,0.371429
34,6,Domingo,19,story,0.170294,0.156185,0.303314,0.309066,0.371429
35,5,Sábado,9,carousel,0.371515,0.343851,0.560807,0.076923,1.428571
35,5,Sábado,21,video,0.371515,0.343851,0.560807,0.076923,1.428571
35,4,Viernes,14,video,0.371515,0.343851,0.560807,0.076923,1.428571
35,4,Viernes,22,story,0.371515,0.343851,0.560807,0.076923,1.428571
35,6,Domingo,14,video,0.371515,0.343851,0.560807,0.076923,1.428571
35,3,Jueves,11,image,0.371515,0.343851,0.560807,0.076923,1.428571
35,3,Jueves,11,video,0.371515,0.343851,0.560807,0.076923,1.428571
35,0,Lunes,12,video,0.371515,0.343851,0.560807,0.076923,1.428571
35,6,Domingo,22,story,0.371515,0.343851,0.560807,0.076923,1.428571
35,1,Martes,17,story,0.371515,0.343851,0.560807,0.076923,1.428571
35,1,Martes,21,story,0.371515,0.343851,0.560807,0.076923,1.428571
35,0,Lunes,21,video,0.371515,0.343851,0.560807,0.076923,1.428571
35,2,Miércoles,11,story,0.371515,0.343851,0.560807,0.076923,1.428571
35,2,Miércoles,10,story,0.371515,0.343851,0.560807,0.076923,1.428571
36,5,Sábado,14,video,0.628957,0.593333,0.910236,0.35989,2.8
36,5,Sábado,8,reel,0.628957,0.593333,0.910236,0.35989,2.8
36,0,Lunes,21,video,0.628957,0.593333,0.910236,0.35989,2.8
36,0,Lunes,10,video,0.628957,0.593333,0.910236,0.35989,2.8
36,1,Martes,22,video,0.628957,0.593333,0.910236,0.35989,2.8
36,6,Domingo,20,video,0.628957,0.593333,0.910236,0.35989,2.8
36,1,Martes,18,video,0.628957,0.593333,0.910236,0.35989,2.8
36,4,Viernes,11,video,0.628957,0.593333,0.910236,0.35989,2.8
36,6,Domingo,14,video,0.628957,0.593333,0.910236,0.35989,2.8
36,2,Miércoles,11,video,0.628957,0.593333,0.910236,0.35989,2.8
36,3,Jueves,20,video,0.628957,0.593333,0.910236,0.35989,2.8
36,4,Viernes,20,video,0.628957,0.593333,0.910236,0.35989,2.8
36,2,Miércoles,13,reel,0.628957,0.593333,0.910236,0.35989,2.8
36,3,Jueves,14,video,0.628957,0.593333,0.910236,0.35989,2.8
37,5,Sábado,11,video,0.567545,0.551031,0.842071,0.232143,2.571429
37,5,Sábado,14,video,0.567545,0.551031,0.842071,0.232143,2.571429
37,4,Viernes,12,video,0.567545,0.551031,0.842071,0.232143,2.571429
37,4,Viernes,16,video,0.567545,0.551031,0.842071,0.232143,2.571429
37,2,Miércoles,21,video,0.567545,0.551031,0.842071,0.232143,2.571429
37,1,Martes,13,video,0.567545,0.551031,0.842071,0.232143,2.571429
37,3,Jueves,17,video,0.567545,0.551031,0.842071,0.232143,2.571429
37,6,Domingo,13,video,0.567545,0.551031,0.842071,0.232143,2.571429
37,2,Miércoles,9,carousel,0.567545,0.551031,0.842071,0.232143,2.571429
37,3,Jueves,11,image,0.567545,0.551031,0.842071,0.232143,2.571429
37,1,Martes,21,video,0.567545,0.551031,0.842071,0.232143,2.571429
37,6,Domingo,10,video,0.567545,0.551031,0.842071,0.232143,2.571429
37,0,Lunes,19,video,0.567545,0.551031,0.842071,0.232143,2.571429
37,0,Lunes,11,reel,0.567545,0.551031,0.842071,0.232143,2.571429
38,2,Miércoles,21,reel,0.497861,0.485396,0.854679,0.385989,2.6
38,5,Sábado,8,video,0.497861,0.485396,0.854679,0.385989,2.6
38,4,Viernes,21,reel,0.497861,0.485396,0.854679,0.385989,2.6
38,4,Viernes,14,video,0.497861,0.485396,0.854679,0.385989,2.6
38,1,Martes,9,video,0.497861,0.485396,0.854679,0.385989,2.6
38,1,Martes,7,video,0.497861,0.485396,0.854679,0.385989,2.6
38,5,Sábado,13,video,0.497861,0.485396,0.854679,0.385989,2.6
38,6,Domingo,18,video,0.497861,0.485396,0.854679,0.385989,2.6
38,0,Lunes,9,video,0.497861,0.485396,0.854679,0.385989,2.6
38,3,Jueves,6,video,0.497861,0.485396,0.854679,0.385989,2.6
38,3,Jueves,19,story,0.497861,0.485396,0.854679,0.385989,2.6
38,6,Domingo,20,video,0.497861,0.485396,0.854679,0.385989,2.6
38,0,Lunes,10,video,0.497861,0.485396,0.854679,0.385989,2.6
38,2,Miércoles,22,video,0.497861,0.485396,0.854679,0.385989,2.6
39,6,Domingo,19,video,0.572247,0.548525,0.845021,0.053571,2.628571
39,5,Sábado,9,video,0.572247,0.548525,0.845021,0.053571,2.628571
39,1,Martes,16,video,0.572247,0.548525,0.845021,0.053571,2.628571
39,4,Viernes,19,video,0.572247,0.548525,0.845021,0.053571,2.628571
39,1,Martes,9,video,0.572247,0.548525,0.845021,0.053571,2.628571
39,5,Sábado,17,short,0.572247,0.548525,0.845021,0.053571,2.628571
39,6,Domingo,22,video,0.572247,0.548525,0.845021,0.053571,2.628571
39,2,Miércoles,18,video,0.572247,0.548525,0.845021,0.053571,2.628571
39,4,Viernes,12,video,0.572247,0.548525,0.845021,0.053571,2.628571
39,3,Jueves,21,reel,0.572247,0.548525,0.845021,0.053571,2.628571
39,3,Jueves,15,reel,0.572247,0.548525,0.845021,0.053571,2.628571
39,0,Lunes,12,image,0.572247,0.548525,0.845021,0.053571,2.628571
39,2,Miércoles,15,video,0.572247,0.548525,0.845021,0.053571,2.628571
39,0,Lunes,19,reel,0.572247,0.548525,0.845021,0.053571,2.628571
40,2,Miércoles,21,image,0.319383,0.312178,0.552793,0.038462,1.485714
40,5,Sábado,7,reel,0.319383,0.312178,0.552793,0.038462,1.485714
40,4,Viernes,10,video,0.319383,0.312178,0.552793,0.038462,1.485714
40,4,Viernes,17,video,0.319383,0.312178,0.552793,0.038462,1.485714
40,1,Martes,21,image,0.319383,0.312178,0.552793,0.038462,1.485714
40,6,Domingo,13,video,0.319383,0.312178,0.552793,0.038462,1.485714
40,6,Domingo,13,reel,0.319383,0.312178,0.552793,0.038462,1.485714
40,0,Lunes,22,carousel,0.319383,0.312178,0.552793,0.038462,1.485714
40,2,Miércoles,13,image,0.319383,0.312178,0.552793,0.038462,1.485714
40,0,Lunes,9,image,0.319383,0.312178,0.552793,0.038462,1.485714
40,1,Martes,11,carousel,0.319383,0.312178,0.552793,0.038462,1.485714
40,5,Sábado,17,image,0.319383,0.312178,0.552793,0.038462,1.485714
40,3,Jueves,13,reel,0.319383,0.312178,0.552793,0.038462,1.485714
40,3,Jueves,8,image,0.319383,0.312178,0.552793,0.038462,1.485714
41,5,Sábado,11,story,0.544038,0.516549,0.849664,0.321429,2.542857
41,0,Lunes,10,video,0.544038,0.516549,0.849664,0.321429,2.542857
41,1,Martes,9,image,0.544038,0.516549,0.849664,0.321429,2.542857
41,5,Sábado,18,video,0.544038,0.516549,0.849664,0.321429,2.542857
41,1,Martes,18,video,0.544038,0.516549,0.849664,0.321429,2.542857
41,6,Domingo,7,video,0.544038,0.516549,0.849664,0.321429,2.542857
41,3,Jueves,18,video,0.544038,0.516549,0.849664,0.321429,2.542857
41,0,Lunes,19,video,0.544038,0.516549,0.849664,0.321429,2.542857
41,2,Miércoles,20,video,0.544038,0.516549,0.849664,0.321429,2.542857
41,4,Viernes,22,video,0.544038,0.516549,0.849664,0.321429,2.542857
41,2,Miércoles,12,video,0.544038,0.516549,0.849664,0.321429,2.542857
41,6,Domingo,13,video,0.544038,0.516549,0.849664,0.321429,2.542857
41,4,Viernes,18,video,0.544038,0.516549,0.849664,0.321429,2.542857
41,3,Jueves,12,video,0.544038,0.516549,0.849664,0.321429,2.542857
42,6,Domingo,20,video,0.694729,0.667619,0.896343,0.258242,2.914286
42,5,Sábado,19,video,0.694729,0.667619,0.896343,0.258242,2.914286
42,2,Miércoles,15,video,0.694729,0.667619,0.896343,0.258242,2.914286
42,4,Viernes,11,video,0.694729,0.667619,0.896343,0.258242,2.914286
42,3,Jueves,12,short,0.694729,0.667619,0.896343,0.258242,2.914286
42,3,Jueves,15,video,0.694729,0.667619,0.896343,0.258242,2.914286
42,6,Domingo,16,video,0.694729,0.667619,0.896343,0.258242,2.914286
42,2,Miércoles,14,video,0.694729,0.667619,0.896343,0.258242,2.914286
42,1,Martes,20,reel,0.694729,0.667619,0.896343,0.258242,2.914286
42,5,Sábado,15,video,0.694729,0.667619,0.896343,0.258242,2.914286
42,1,Martes,19,short,0.694729,0.667619,0.896343,0.258242,2.914286
42,4,Viernes,14,reel,0.694729,0.667619,0.896343,0.258242,2.914286
42,0,Lunes,15,video,0.694729,0.667619,0.896343,0.258242,2.914286
42,0,Lunes,15,video,0.694729,0.667619,0.896343,0.258242,2.914286
43,5,Sábado,22,image,0.176061,0.162108,0.3209,0.092033,0.428571
43,5,Sábado,14,story,0.176061,0.162108,0.3209,0.092033,0.428571
43,0,Lunes,15,image,0.176061,0.162108,0.3209,0.092033,0.428571
43,1,Martes,13,story,0.176061,0.162108,0.3209,0.092033,0.428571
43,2,Miércoles,15,story,0.176061,0.162108,0.3209,0.092033,0.428571
43,3,Jueves,8,story,0.176061,0.162108,0.3209,0.092033,0.428571
43,0,Lunes,10,story,0.176061,0.162108,0.3209,0.092033,0.428571
43,1,Martes,21,story,0.176061,0.162108,0.3209,0.092033,0.428571
43,3,Jueves,13,story,0.176061,0.162108,0.3209,0.092033,0.428571
43,6,Domingo,10,story,0.176061,0.162108,0.3209,0.092033,0.428571
43,4,Viernes,11,image,0.176061,0.162108,0.3209,0.092033,0.428571
43,2,Miércoles,19,video,0.176061,0.162108,0.3209,0.092033,0.428571
43,4,Viernes,10,image,0.176061,0.162108,0.3209,0.092033,0.428571
43,6,Domingo,13,story,0.176061,0.162108,0.3209,0.092033,0.428571
44,5,Sábado,11,image,0.347958,0.329595,0.552229,0.038462,1.542857
44,6,Domingo,11,story,0.347958,0.329595,0.552229,0.038462,1.542857
44,6,Domingo,15,image,0.347958,0.329595,0.552229,0.038462,1.542857
44,1,Martes,20,story,0.347958,0.329595,0.552229,0.038462,1.542857
44,5,Sábado,21,story,0.347958,0.329595,0.552229,0.038462,1.542857
44,1,Martes,14,video,0.347958,0.329595,0.552229,0.038462,1.542857
44,2,Miércoles,17,image,0.347958,0.329595,0.552229,0.038462,1.542857
44,3,Jueves,19,image,0.347958,0.329595,0.552229,0.038462,1.542857
44,0,Lunes,16,short,0.347958,0.329595,0.552229,0.038462,1.542857
44,4,Viernes,22,short,0.347958,0.329595,0.552229,0.038462,1.542857
44,4,Viernes,11,video,0.347958,0.329595,0.552229,0.038462,1.542857
44,0,Lunes,11,story,0.347958,0.329595,0.552229,0.038462,1.542857
44,3,Jueves,20,video,0.347958,0.329595,0.552229,0.038462,1.542857
44,2,Miércoles,9,video,0.347958,0.329595,0.552229,0.038462,1.542857
45,2,Miércoles,20,video,0.314446,0.285717,0.481,0.076923,1.085714
45,0,Lunes,15,video,0.314446,0.285717,0.481,0.076923,1.085714
45,2,Miércoles,18,reel,0.314446,0.285717,0.481,0.076923,1.085714
45,5,Sábado,15,video,0.314446,0.285717,0.481,0.076923,1.085714
45,3,Jueves,22,story,0.314446,0.285717,0.481,0.076923,1.085714
45,5,Sábado,9,story,0.314446,0.285717,0.481,0.076923,1.085714
45,6,Domingo,14,reel,0.314446,0.285717,0.481,0.076923,1.085714
45,0,Lunes,6,story,0.314446,0.285717,0.481,0.076923,1.085714
45,1,Martes,21,story,0.314446,0.285717,0.481,0.076923,1.085714
45,1,Martes,15,image,0.314446,0.285717,0.481,0.076923,1.085714
45,4,Viernes,9,story,0.314446,0.285717,0.481,0.076923,1.085714
45,3,Jueves,10,story,0.314446,0.285717,0.481,0.076923,1.085714
45,4,Viernes,10,image,0.314446,0.285717,0.481,0.076923,1.085714
45,6,Domingo,7,image,0.314446,0.285717,0.481,0.076923,1.085714
46,5,Sábado,11,image,0.421555,0.422156,0.589943,0.115385,1.6
46,1,Martes,14,story,0.421555,0.422156,0.589943,0.115385,1.6
46,2,Miércoles,15,image,0.421555,0.422156,0.589943,0.115385,1.6
46,1,Martes,14,story,0.421555,0.422156,0.589943,0.115385,1.6
46,3,Jueves,9,video,0.421555,0.422156,0.589943,0.115385,1.6
46,2,Miércoles,15,video,0.421555,0.422156,0.589943,0.115385,1.6
46,6,Domingo,15,video,0.421555,0.422156,0.589943,0.115385,1.6
46,5,Sábado,19,short,0.421555,0.422156,0.589943,0.115385,1.6
46,0,Lunes,20,reel,0.421555,0.422156,0.589943,0.115385,1.6
46,4,Viernes,21,story,0.421555,0.422156,0.589943,0.115385,1.6
46,4,Viernes,13,image,0.421555,0.422156,0.589943,0.115385,1.6
46,3,Jueves,21,story,0.421555,0.422156,0.589943,0.115385,1.6
46,0,Lunes,15,video,0.421555,0.422156,0.589943,0.115385,1.6
46,6,Domingo,16,video,0.421555,0.422156,0.589943,0.115385,1.6
47,5,Sábado,16,image,0.198422,0.19174,0.346464,0.076923,0.571429
47,3,Jueves,18,video,0.198422,0.19174,0.346464,0.076923,0.571429
47,2,Miércoles,6,image,0.198422,0.19174,0.346464,0.076923,0.571429
47,4,Viernes,20,story,0.198422,0.19174,0.346464,0.076923,0.571429
47,1,Martes,21,image,0.198422,0.19174,0.346464,0.076923,0.571429
47,5,Sábado,21,story,0.198422,0.19174,0.346464,0.076923,0.571429
47,1,Martes,15,story,0.198422,0.19174,0.346464,0.076923,0.571429
47,4,Viernes,19,story,0.198422,0.19174,0.346464,0.076923,0.571429
47,3,Jueves,14,story,0.198422,0.19174,0.346464,0.076923,0.571429
47,6,Domingo,10,reel,0.198422,0.19174,0.346464,0.076923,0.571429
47,0,Lunes,11,image,0.198422,0.19174,0.346464,0.076923,0.571429
47,6,Domingo,19,story,0.198422,0.19174,0.346464,0.076923,0.571429
47,0,Lunes,10,story,0.198422,0.19174,0.346464,0.076923,0.571429
47,2,Miércoles,13,story,0.198422,0.19174,0.346464,0.076923,0.571429
48,5,Sábado,12,story,0.304335,0.290223,0.480293,0.0,1.142857
48,5,Sábado,21,short,0.304335,0.290223,0.480293,0.0,1.142857
48,3,Jueves,19,story,0.304335,0.290223,0.480293,0.0,1.142857
48,6,Domingo,21,image,0.304335,0.290223,0.480293,0.0,1.142857
48,0,Lunes,10,image,0.304335,0.290223,0.480293,0.0,1.142857
48,3,Jueves,16,reel,0.304335,0.290223,0.480293,0.0,1.142857
48,2,Miércoles,14,story,0.304335,0.290223,0.480293,0.0,1.142857
48,1,Martes,13,story,0.304335,0.290223,0.480293,0.0,1.142857
48,0,Lunes,20,image,0.304335,0.290223,0.480293,0.0,1.142857
48,2,Miércoles,8,reel,0.304335,0.290223,0.480293,0.0,1.142857
48,4,Viernes,7,story,0.304335,0.290223,0.480293,0.0,1.142857
48,1,Martes,21,story,0.304335,0.290223,0.480293,0.0,1.142857
48,6,Domingo,12,video,0.304335,0.290223,0.480293,0.0,1.142857
48,4,Viernes,19,video,0.304335,0.290223,0.480293,0.0,1.142857
49,3,Jueves,19,story,0.337091,0.305415,0.498686,0.153846,1.2
49,4,Viernes,11,story,0.337091,0.305415,0.498686,0.153846,1.2
49,2,Miércoles,17,video,0.337091,0.305415,0.498686,0.153846,1.2
49,6,Domingo,19,story,0.337091,0.305415,0.498686,0.153846,1.2
49,1,Martes,15,image,0.337091,0.305415,0.498686,0.153846,1.2
49,3,Jueves,16,story,0.337091,0.305415,0.498686,0.153846,1.2
49,0,Lunes,19,story,0.337091,0.305415,0.498686,0.153846,1.2
49,0,Lunes,20,reel,0.337091,0.305415,0.498686,0.153846,1.2
49,6,Domingo,14,reel,0.337091,0.305415,0.498686,0.153846,1.2
49,4,Viernes,11,story,0.337091,0.305415,0.498686,0.153846,1.2
49,2,Miércoles,16,image,0.337091,0.305415,0.498686,0.153846,1.2
49,1,Martes,12,reel,0.337091,0.305415,0.498686,0.153846,1.2
49,5,Sábado,11,video,0.337091,0.305415,0.498686,0.153846,1.2
49,5,Sábado,13,video,0.337091,0.305415,0.498686,0.153846,1.2
50,3,Jueves,19,carousel,0.188808,0.163741,0.34955,0.21978,0.571429
50,4,Viernes,9,story,0.188808,0.163741,0.34955,0.21978,0.571429
50,2,Miércoles,17,story,0.188808,0.163741,0.34955,0.21978,0.571429
50,6,Domingo,6,story,0.188808,0.163741,0.34955,0.21978,0.571429
50,1,Martes,15,image,0.188808,0.163741,0.34955,0.21978,0.571429
50,3,Jueves,16,story,0.188808,0.163741,0.34955,0.21978,0.571429
50,0,Lunes,19,story,0.188808,0.163741,0.34955,0.21978,0.571429
50,2,Miércoles,21,story,0.188808,0.163741,0.34955,0.21978,0.571429
50,5,Sábado,7,story,0.188808,0.163741,0.34955,0.21978,0.571429
50,4,Viernes,13,story,0.188808,0.163741,0.34955,0.21978,0.571429
50,0,Lunes,20,reel,0.188808,0.163741,0.34955,0.21978,0.571429
50,1,Martes,7,story,0.188808,0.163741,0.34955,0.21978,0.571429
50,6,Domingo,12,video,0.188808,0.163741,0.34955,0.21978,0.571429
50,5,Sábado,8,story,0.188808,0.163741,0.34955,0.21978,0.571429
51,4,Viernes,13,video,0.481715,0.482363,0.756686,0.373626,2.142857
51,1,Martes,18,video,0.481715,0.482363,0.756686,0.373626,2.142857
51,3,Jueves,18,image,0.481715,0.482363,0.756686,0.373626,2.142857
51,1,Martes,15,story,0.481715,0.482363,0.756686,0.373626,2.142857
51,4,Viernes,12,video,0.481715,0.482363,0.756686,0.373626,2.142857
51,5,Sábado,11,video,0.481715,0.482363,0.756686,0.373626,2.142857
51,0,Lunes,19,video,0.481715,0.482363,0.756686,0.373626,2.142857
51,3,Jueves,16,video,0.481715,0.482363,0.756686,0.373626,2.142857
51,5,Sábado,10,video,0.481715,0.482363,0.756686,0.373626,2.142857
51,0,Lunes,19,video,0.481715,0.482363,0.756686,0.373626,2.142857
51,2,Miércoles,19,story,0.481715,0.482363,0.756686,0.373626,2.142857
51,6,Domingo,10,video,0.481715,0.482363,0.756686,0.373626,2.142857
51,2,Miércoles,20,story,0.481715,0.482363,0.756686,0.373626,2.142857
51,6,Domingo,11,video,0.481715,0.482363,0.756686,0.373626,2.142857
52,5,Sábado,11,video,0.452627,0.421907,0.704343,0.115385,2.0
52,0,Lunes,15,image,0.452627,0.421907,0.704343,0.115385,2.0
52,6,Domingo,13,reel,0.452627,0.421907,0.704343,0.115385,2.0
52,2,Miércoles,19,image,0.452627,0.421907,0.704343,0.115385,2.0
52,1,Martes,15,video,0.452627,0.421907,0.704343,0.115385,2.0
52,3,Jueves,19,video,0.452627,0.421907,0.704343,0.115385,2.0
52,6,Domingo,12,image,0.452627,0.421907,0.704343,0.115385,2.0
52,4,Viernes,18,image,0.452627,0.421907,0.704343,0.115385,2.0
52,1,Martes,17,video,0.452627,0.421907,0.704343,0.115385,2.0
52,5,Sábado,8,video,0.452627,0.421907,0.704343,0.115385,2.0
52,0,Lunes,22,video,0.452627,0.421907,0.704343,0.115385,2.0
52,3,Jueves,11,video,0.452627,0.421907,0.704343,0.115385,2.0
52,4,Viernes,13,video,0.452627,0.421907,0.704343,0.115385,2.0
52,2,Miércoles,19,image,0.452627,0.421907,0.704343,0.115385,2.0
53,4,Viernes,18,story,0.162396,0.138048,0.31515,0.038462,0.428571
53,3,Jueves,20,story,0.162396,0.138048,0.31515,0.038462,0.428571
53,1,Martes,17,image,0.162396,0.138048,0.31515,0.038462,0.428571
53,5,Sábado,18,image,0.162396,0.138048,0.31515,0.038462,0.428571
53,1,Martes,6,image,0.162396,0.138048,0.31515,0.038462,0.428571
53,3,Jueves,11,image,0.162396,0.138048,0.31515,0.038462,0.428571
53,5,Sábado,7,image,0.162396,0.138048,0.31515,0.038462,0.428571
53,0,Lunes,17,story,0.162396,0.138048,0.31515,0.038462,0.428571
53,6,Domingo,10,reel,0.162396,0.138048,0.31515,0.038462,0.428571
53,6,Domingo,11,story,0.162396,0.138048,0.31515,0.038462,0.428571
53,0,Lunes,10,story,0.162396,0.138048,0.31515,0.038462,0.428571
53,4,Viernes,22,story,0.162396,0.138048,0.31515,0.038462,0.428571
53,2,Miércoles,22,story,0.162396,0.138048,0.31515,0.038462,0.428571
53,2,Miércoles,19,image,0.162396,0.138048,0.31515,0.038462,0.428571
54,5,Sábado,22,image,0.275329,0.249978,0.4038,0.245879,0.771429
54,6,Domingo,14,story,0.275329,0.249978,0.4038,0.245879,0.771429
54,2,Miércoles,15,image,0.275329,0.249978,0.4038,0.245879,0.771429
54,1,Martes,14,story,0.275329,0.249978,0.4038,0.245879,0.771429
54,5,Sábado,11,story,0.275329,0.249978,0.4038,0.245879,0.771429
54,0,Lunes,21,story,0.275329,0.249978,0.4038,0.245879,0.771429
54,1,Martes,14,video,0.275329,0.249978,0.4038,0.245879,0.771429
54,3,Jueves,9,story,0.275329,0.249978,0.4038,0.245879,0.771429
54,0,Lunes,20,story,0.275329,0.249978,0.4038,0.245879,0.771429
54,6,Domingo,13,story,0.275329,0.249978,0.4038,0.245879,0.771429
54,4,Viernes,20,video,0.275329,0.249978,0.4038,0.245879,0.771429
54,4,Viernes,8,story,0.275329,0.249978,0.4038,0.245879,0.771429
54,2,Miércoles,15,video,0.275329,0.249978,0.4038,0.245879,0.771429
54,3,Jueves,10,story,0.275329,0.249978,0.4038,0.245879,0.771429
55,2,Miércoles,21,video,0.677517,0.660359,0.890014,0.115385,3.142857
55,0,Lunes,15,video,0.677517,0.660359,0.890014,0.115385,3.142857
55,1,Martes,18,reel,0.677517,0.660359,0.890014,0.115385,3.142857
55,2,Miércoles,17,video,0.677517,0.660359,0.890014,0.115385,3.142857
55,6,Domingo,11,video,0.677517,0.660359,0.890014,0.115385,3.142857
55,0,Lunes,20,short,0.677517,0.660359,0.890014,0.115385,3.142857
55,5,Sábado,17,video,0.677517,0.660359,0.890014,0.115385,3.142857
55,5,Sábado,16,short,0.677517,0.660359,0.890014,0.115385,3.142857
55,3,Jueves,21,short,0.677517,0.660359,0.890014,0.115385,3.142857
55,4,Viernes,18,video,0.677517,0.660359,0.890014,0.115385,3.142857
55,4,Viernes,19,video,0.677517,0.660359,0.890014,0.115385,3.142857
55,3,Jueves,15,video,0.677517,0.660359,0.890014,0.115385,3.142857
55,6,Domingo,17,short,0.677517,0.660359,0.890014,0.115385,3.142857
55,1,Martes,16,short,0.677517,0.660359,0.890014,0.115385,3.142857
56,4,Viernes,13,story,0.575419,0.54201,0.827721,0.270604,2.457143
56,2,Miércoles,10,video,0.575419,0.54201,0.827721,0.270604,2.457143
56,1,Martes,9,reel,0.575419,0.54201,0.827721,0.270604,2.457143
56,5,Sábado,19,video,0.575419,0.54201,0.827721,0.270604,2.457143
56,3,Jueves,18,video,0.575419,0.54201,0.827721,0.270604,2.457143
56,6,Domingo,14,video,0.575419,0.54201,0.827721,0.270604,2.457143
56,6,Domingo,18,video,0.575419,0.54201,0.827721,0.270604,2.457143
56,0,Lunes,19,video,0.575419,0.54201,0.827721,0.270604,2.457143
56,2,Miércoles,20,video,0.575419,0.54201,0.827721,0.270604,2.457143
56,4,Viernes,22,video,0.575419,0.54201,0.827721,0.270604,2.457143
56,3,Jueves,12,video,0.575419,0.54201,0.827721,0.270604,2.457143
56,5,Sábado,18,video,0.575419,0.54201,0.827721,0.270604,2.457143
56,0,Lunes,12,story,0.575419,0.54201,0.827721,0.270604,2.457143
56,1,Martes,13,video,0.575419,0.54201,0.827721,0.270604,2.457143
57,0,Lunes,22,video,0.258248,0.253108,0.534893,0.115385,1.285714
57,1,Martes,9,video,0.258248,0.253108,0.534893,0.115385,1.285714
57,6,Domingo,8,story,0.258248,0.253108,0.534893,0.115385,1.285714
57,4,Viernes,12,story,0.258248,0.253108,0.534893,0.115385,1.285714
57,2,Miércoles,22,story,0.258248,0.253108,0.534893,0.115385,1.285714
57,6,Domingo,7,image,0.258248,0.253108,0.534893,0.115385,1.285714
57,1,Martes,10,image,0.258248,0.253108,0.534893,0.115385,1.285714
57,5,Sábado,12,story,0.258248,0.253108,0.534893,0.115385,1.285714
57,4,Viernes,18,video,0.258248,0.253108,0.534893,0.115385,1.285714
57,5,Sábado,10,story,0.258248,0.253108,0.534893,0.115385,1.285714
57,0,Lunes,14,image,0.258248,0.253108,0.534893,0.115385,1.285714
57,2,Miércoles,7,reel,0.258248,0.253108,0.534893,0.115385,1.285714
57,3,Jueves,6,reel,0.258248,0.253108,0.534893,0.115385,1.285714
57,3,Jueves,19,video,0.258248,0.253108,0.534893,0.115385,1.285714
58,6,Domingo,13,video,0.662852,0.642782,0.875921,0.270604,2.828571
58,3,Jueves,15,video,0.662852,0.642782,0.875921,0.270604,2.828571
58,4,Viernes,18,video,0.662852,0.642782,0.875921,0.270604,2.828571
58,1,Martes,15,video,0.662852,0.642782,0.875921,0.270604,2.828571
58,3,Jueves,20,video,0.662852,0.642782,0.875921,0.270604,2.828571
58,1,Martes,21,video,0.662852,0.642782,0.875921,0.270604,2.828571
58,0,Lunes,19,video,0.662852,0.642782,0.875921,0.270604,2.828571
58,5,Sábado,19,video,0.662852,0.642782,0.875921,0.270604,2.828571
58,0,Lunes,16,video,0.662852,0.642782,0.875921,0.270604,2.828571
58,4,Viernes,19,short,0.662852,0.642782,0.875921,0.270604,2.828571
58,2,Miércoles,17,story,0.662852,0.642782,0.875921,0.270604,2.828571
58,6,Domingo,21,video,0.662852,0.642782,0.875921,0.270604,2.828571
58,2,Miércoles,11,video,0.662852,0.642782,0.875921,0.270604,2.828571
58,5,Sábado,15,short,0.662852,0.642782,0.875921,0.270604,2.828571
59,2,Miércoles,16,story,0.460599,0.4235,0.630507,0.076923,1.742857
59,2,Miércoles,15,reel,0.460599,0.4235,0.630507,0.076923,1.742857
59,6,Domingo,22,video,0.460599,0.4235,0.630507,0.076923,1.742857
59,0,Lunes,16,image,0.460599,0.4235,0.630507,0.076923,1.742857
59,5,Sábado,21,reel,0.460599,0.4235,0.630507,0.076923,1.742857
59,6,Domingo,15,image,0.460599,0.4235,0.630507,0.076923,1.742857
59,1,Martes,21,reel,0.460599,0.4235,0.630507,0.076923,1.742857
59,4,Viernes,17,carousel,0.460599,0.4235,0.630507,0.076923,1.742857
59,3,Jueves,15,reel,0.460599,0.4235,0.630507,0.076923,1.742857
59,5,Sábado,15,video,0.460599,0.4235,0.630507,0.076923,1.742857
59,3,Jueves,19,reel,0.460599,0.4235,0.630507,0.076923,1.742857
59,0,Lunes,16,image,0.460599,0.4235,0.630507,0.076923,1.742857
59,4,Viernes,13,video,0.460599,0.4235,0.630507,0.076923,1.742857
59,1,Martes,16,reel,0.460599,0.4235,0.630507,0.076923,1.742857
60,5,Sábado,16,story,0.550195,0.518069,0.792186,0.258242,2.457143
60,1,Martes,18,video,0.550195,0.518069,0.792186,0.258242,2.457143
60,2,Miércoles,14,video,0.550195,0.518069,0.792186,0.258242,2.457143
60,0,Lunes,19,video,0.550195,0.518069,0.792186,0.258242,2.457143
60,1,Martes,22,video,0.550195,0.518069,0.792186,0.258242,2.457143
60,3,Jueves,17,video,0.550195,0.518069,0.792186,0.258242,2.457143
60,0,Lunes,21,video,0.550195,0.518069,0.792186,0.258242,2.457143
60,6,Domingo,19,video,0.550195,0.518069,0.792186,0.258242,2.457143
60,6,Domingo,21,story,0.550195,0.518069,0.792186,0.258242,2.457143
60,4,Viernes,17,carousel,0.550195,0.518069,0.792186,0.258242,2.457143
60,5,Sábado,13,video,0.550195,0.518069,0.792186,0.258242,2.457143
60,2,Miércoles,11,video,0.550195,0.518069,0.792186,0.258242,2.457143
60,4,Viernes,18,video,0.550195,0.518069,0.792186,0.258242,2.457143
60,3,Jueves,22,short,0.550195,0.518069,0.792186,0.258242,2.457143
61,2,Miércoles,19,video,0.400805,0.384144,0.679686,0.038462,1.857143
61,2,Miércoles,13,video,0.400805,0.384144,0.679686,0.038462,1.857143
61,4,Viernes,14,reel,0.400805,0.384144,0.679686,0.038462,1.857143
61,4,Viernes,16,video,0.400805,0.384144,0.679686,0.038462,1.857143
61,6,Domingo,12,video,0.400805,0.384144,0.679686,0.038462,1.857143
61,5,Sábado,11,video,0.400805,0.384144,0.679686,0.038462,1.857143
61,3,Jueves,13,image,0.400805,0.384144,0.679686,0.038462,1.857143
61,3,Jueves,8,video,0.400805,0.384144,0.679686,0.038462,1.857143
61,6,Domingo,22,story,0.400805,0.384144,0.679686,0.038462,1.857143
61,1,Martes,21,story,0.400805,0.384144,0.679686,0.038462,1.857143
61,0,Lunes,6,video,0.400805,0.384144,0.679686,0.038462,1.857143
61,0,Lunes,19,story,0.400805,0.384144,0.679686,0.038462,1.857143
61,1,Martes,6,image,0.400805,0.384144,0.679686,0.038462,1.857143
61,5,Sábado,19,reel,0.400805,0.384144,0.679686,0.038462,1.857143
62,4,Viernes,9,story,0.289605,0.272045,0.463679,0.0,1.085714
62,4,Viernes,21,story,0.289605,0.272045,0.463679,0.0,1.085714
62,0,Lunes,9,story,0.289605,0.272045,0.463679,0.0,1.085714
62,5,Sábado,11,story,0.289605,0.272045,0.463679,0.0,1.085714
62,1,Martes,21,story,0.289605,0.272045,0.463679,0.0,1.085714
62,2,Miércoles,8,video,0.289605,0.272045,0.463679,0.0,1.085714
62,1,Martes,14,video,0.289605,0.272045,0.463679,0.0,1.085714
62,3,Jueves,22,carousel,0.289605,0.272045,0.463679,0.0,1.085714
62,2,Miércoles,15,video,0.289605,0.272045,0.463679,0.0,1.085714
62,0,Lunes,15,story,0.289605,0.272045,0.463679,0.0,1.085714
62,3,Jueves,13,story,0.289605,0.272045,0.463679,0.0,1.085714
62,5,Sábado,19,carousel,0.289605,0.272045,0.463679,0.0,1.085714
62,6,Domingo,10,story,0.289605,0.272045,0.463679,0.0,1.085714
62,6,Domingo,20,video,0.289605,0.272045,0.463679,0.0,1.085714
63,4,Viernes,8,video,0.631292,0.605043,0.917657,0.475275,2.914286
63,1,Martes,15,video,0.631292,0.605043,0.917657,0.475275,2.914286
63,2,Miércoles,13,reel,0.631292,0.605043,0.917657,0.475275,2.914286
63,2,Miércoles,6,video,0.631292,0.605043,0.917657,0.475275,2.914286
63,1,Martes,16,short,0.631292,0.605043,0.917657,0.475275,2.914286
63,3,Jueves,17,video,0.631292,0.605043,0.917657,0.475275,2.914286
63,3,Jueves,12,video,0.631292,0.605043,0.917657,0.475275,2.914286
63,5,Sábado,20,video,0.631292,0.605043,0.917657,0.475275,2.914286
63,6,Domingo,19,video,0.631292,0.605043,0.917657,0.475275,2.914286
63,5,Sábado,18,video,0.631292,0.605043,0.917657,0.475275,2.914286
63,0,Lunes,17,video,0.631292,0.605043,0.917657,0.475275,2.914286
63,6,Domingo,17,video,0.631292,0.605043,0.917657,0.475275,2.914286
63,4,Viernes,21,video,0.631292,0.605043,0.917657,0.475275,2.914286
63,0,Lunes,18,video,0.631292,0.605043,0.917657,0.475275,2.914286
64,4,Viernes,18,video,0.468546,0.450482,0.748707,0.130495,2.142857
64,1,Martes,15,video,0.468546,0.450482,0.748707,0.130495,2.142857
64,2,Miércoles,13,image,0.468546,0.450482,0.748707,0.130495,2.142857
64,2,Miércoles,19,video,0.468546,0.450482,0.748707,0.130495,2.142857
64,1,Martes,16,video,0.468546,0.450482,0.748707,0.130495,2.142857
64,3,Jueves,17,video,0.468546,0.450482,0.748707,0.130495,2.142857
64,3,Jueves,12,reel,0.468546,0.450482,0.748707,0.130495,2.142857
64,0,Lunes,22,video,0.468546,0.450482,0.748707,0.130495,2.142857
64,6,Domingo,9,video,0.468546,0.450482,0.748707,0.130495,2.142857
64,5,Sábado,18,image,0.468546,0.450482,0.748707,0.130495,2.142857
64,6,Domingo,6,video,0.468546,0.450482,0.748707,0.130495,2.142857
64,5,Sábado,18,image,0.468546,0.450482,0.748707,0.130495,2.142857
64,4,Viernes,22,video,0.468546,0.450482,0.748707,0.130495,2.142857
64,0,Lunes,12,story,0.468546,0.450482,0.748707,0.130495,2.142857
65,5,Sábado,19,story,0.558077,0.535326,0.843936,0.436813,2.514286
65,1,Martes,15,video,0.558077,0.535326,0.843936,0.436813,2.514286
65,6,Domingo,13,video,0.558077,0.535326,0.843936,0.436813,2.514286
65,4,Viernes,19,video,0.558077,0.535326,0.843936,0.436813,2.514286
65,1,Martes,15,video,0.558077,0.535326,0.843936,0.436813,2.514286
65,5,Sábado,11,video,0.558077,0.535326,0.843936,0.436813,2.514286
65,3,Jueves,12,video,0.558077,0.535326,0.843936,0.436813,2.514286
65,0,Lunes,13,video,0.558077,0.535326,0.843936,0.436813,2.514286
65,6,Domingo,11,video,0.558077,0.535326,0.843936,0.436813,2.514286
65,3,Jueves,18,video,0.558077,0.535326,0.843936,0.436813,2.514286
65,4,Viernes,7,video,0.558077,0.535326,0.843936,0.436813,2.514286
65,0,Lunes,22,story,0.558077,0.535326,0.843936,0.436813,2.514286
65,2,Miércoles,21,video,0.558077,0.535326,0.843936,0.436813,2.514286
65,2,Miércoles,21,video,0.558077,0.535326,0.843936,0.436813,2.514286
66,6,Domingo,19,video,0.317675,0.297475,0.522543,0.115385,1.2
66,4,Viernes,7,story,0.317675,0.297475,0.522543,0.115385,1.2
66,3,Jueves,6,video,0.317675,0.297475,0.522543,0.115385,1.2
66,1,Martes,20,story,0.317675,0.297475,0.522543,0.115385,1.2
66,5,Sábado,12,video,0.317675,0.297475,0.522543,0.115385,1.2
66,6,Domingo,13,video,0.317675,0.297475,0.522543,0.115385,1.2
66,0,Lunes,19,video,0.317675,0.297475,0.522543,0.115385,1.2
66,0,Lunes,15,story,0.317675,0.297475,0.522543,0.115385,1.2
66,4,Viernes,8,image,0.317675,0.297475,0.522543,0.115385,1.2
66,5,Sábado,11,story,0.317675,0.297475,0.522543,0.115385,1.2
66,2,Miércoles,22,image,0.317675,0.297475,0.522543,0.115385,1.2
66,1,Martes,19,story,0.317675,0.297475,0.522543,0.115385,1.2
66,2,Miércoles,17,image,0.317675,0.297475,0.522543,0.115385,1.2
66,3,Jueves,19,story,0.317675,0.297475,0.522543,0.115385,1.2
67,5,Sábado,12,story,0.197682,0.166911,0.358321,0.130495,0.6
67,5,Sábado,21,reel,0.197682,0.166911,0.358321,0.130495,0.6
67,2,Miércoles,11,image,0.197682,0.166911,0.358321,0.130495,0.6
67,4,Viernes,20,story,0.197682,0.166911,0.358321,0.130495,0.6
67,1,Martes,10,video,0.197682,0.166911,0.358321,0.130495,0.6
67,1,Martes,11,image,0.197682,0.166911,0.358321,0.130495,0.6
67,0,Lunes,16,story,0.197682,0.166911,0.358321,0.130495,0.6
67,0,Lunes,8,story,0.197682,0.166911,0.358321,0.130495,0.6
67,3,Jueves,13,story,0.197682,0.166911,0.358321,0.130495,0.6
67,6,Domingo,21,story,0.197682,0.166911,0.358321,0.130495,0.6
67,6,Domingo,12,story,0.197682,0.166911,0.358321,0.130495,0.6
67,2,Miércoles,19,story,0.197682,0.166911,0.358321,0.130495,0.6
67,3,Jueves,10,carousel,0.197682,0.166911,0.358321,0.130495,0.6
67,4,Viernes,21,story,0.197682,0.166911,0.358321,0.130495,0.6
68,1,Martes,22,video,0.330828,0.333493,0.543114,0.038462,1.371429
68,0,Lunes,11,carousel,0.330828,0.333493,0.543114,0.038462,1.371429
68,5,Sábado,19,reel,0.330828,0.333493,0.543114,0.038462,1.371429
68,0,Lunes,15,reel,0.330828,0.333493,0.543114,0.038462,1.371429
68,6,Domingo,16,video,0.330828,0.333493,0.543114,0.038462,1.371429
68,6,Domingo,6,story,0.330828,0.333493,0.543114,0.038462,1.371429
68,4,Viernes,9,story,0.330828,0.333493,0.543114,0.038462,1.371429
68,4,Viernes,10,story,0.330828,0.333493,0.543114,0.038462,1.371429
68,2,Miércoles,15,video,0.330828,0.333493,0.543114,0.038462,1.371429
68,2,Miércoles,20,story,0.330828,0.333493,0.543114,0.038462,1.371429
68,1,Martes,12,image,0.330828,0.333493,0.543114,0.038462,1.371429
68,3,Jueves,11,video,0.330828,0.333493,0.543114,0.038462,1.371429
68,3,Jueves,15,image,0.330828,0.333493,0.543114,0.038462,1.371429
68,5,Sábado,11,image,0.330828,0.333493,0.543114,0.038462,1.371429
69,4,Viernes,21,video,0.36883,0.350814,0.647321,0.115385,1.742857
69,5,Sábado,6,video,0.36883,0.350814,0.647321,0.115385,1.742857
69,4,Viernes,21,video,0.36883,0.350814,0.647321,0.115385,1.742857
69,0,Lunes,11,video,0.36883,0.350814,0.647321,0.115385,1.742857
69,1,Martes,21,video,0.36883,0.350814,0.647321,0.115385,1.742857
69,3,Jueves,11,image,0.36883,0.350814,0.647321,0.115385,1.742857
69,1,Martes,11,video,0.36883,0.350814,0.647321,0.115385,1.742857
69,0,Lunes,12,video,0.36883,0.350814,0.647321,0.115385,1.742857
69,6,Domingo,22,story,0.36883,0.350814,0.647321,0.115385,1.742857
69,5,Sábado,17,story,0.36883,0.350814,0.647321,0.115385,1.742857
69,6,Domingo,10,story,0.36883,0.350814,0.647321,0.115385,1.742857
69,3,Jueves,11,story,0.36883,0.350814,0.647321,0.115385,1.742857
69,2,Miércoles,8,story,0.36883,0.350814,0.647321,0.115385,1.742857
69,2,Miércoles,21,video,0.36883,0.350814,0.647321,0.115385,1.742857
70,2,Miércoles,16,video,0.383545,0.358707,0.640607,0.115385,1.714286
70,2,Miércoles,15,video,0.383545,0.358707,0.640607,0.115385,1.714286
70,4,Viernes,14,reel,0.383545,0.358707,0.640607,0.115385,1.714286
70,4,Viernes,16,video,0.383545,0.358707,0.640607,0.115385,1.714286
70,6,Domingo,12,video,0.383545,0.358707,0.640607,0.115385,1.714286
70,5,Sábado,11,video,0.383545,0.358707,0.640607,0.115385,1.714286
70,3,Jueves,13,image,0.383545,0.358707,0.640607,0.115385,1.714286
70,3,Jueves,8,video,0.383545,0.358707,0.640607,0.115385,1.714286
70,6,Domingo,22,story,0.383545,0.358707,0.640607,0.115385,1.714286
70,1,Martes,21,story,0.383545,0.358707,0.640607,0.115385,1.714286
70,0,Lunes,6,video,0.383545,0.358707,0.640607,0.115385,1.714286
70,0,Lunes,10,story,0.383545,0.358707,0.640607,0.115385,1.714286
70,5,Sábado,6,image,0.383545,0.358707,0.640607,0.115385,1.714286
70,1,Martes,19,story,0.383545,0.358707,0.640607,0.115385,1.714286
71,4,Viernes,8,video,0.489873,0.49677,0.745307,0.207418,2.2
71,1,Martes,15,video,0.489873,0.49677,0.745307,0.207418,2.2
71,3,Jueves,18,image,0.489873,0.49677,0.745307,0.207418,2.2
71,1,Martes,15,short,0.489873,0.49677,0.745307,0.207418,2.2
71,4,Viernes,18,video,0.489873,0.49677,0.745307,0.207418,2.2
71,5,Sábado,20,video,0.489873,0.49677,0.745307,0.207418,2.2
71,0,Lunes,19,video,0.489873,0.49677,0.745307,0.207418,2.2
71,3,Jueves,19,video,0.489873,0.49677,0.745307,0.207418,2.2
71,5,Sábado,10,story,0.489873,0.49677,0.745307,0.207418,2.2
71,0,Lunes,19,video,0.489873,0.49677,0.745307,0.207418,2.2
71,2,Miércoles,14,story,0.489873,0.49677,0.745307,0.207418,2.2
71,6,Domingo,10,video,0.489873,0.49677,0.745307,0.207418,2.2
71,2,Miércoles,20,story,0.489873,0.49677,0.745307,0.207418,2.2
71,6,Domingo,11,video,0.489873,0.49677,0.745307,0.207418,2.2
72,2,Miércoles,9,image,0.209826,0.18159,0.392821,0.076923,0.742857
72,4,Viernes,17,story,0.209826,0.18159,0.392821,0.076923,0.742857
72,4,Viernes,13,story,0.209826,0.18159,0.392821,0.076923,0.742857
72,6,Domingo,16,image,0.209826,0.18159,0.392821,0.076923,0.742857
72,3,Jueves,12,story,0.209826,0.18159,0.392821,0.076923,0.742857
72,5,Sábado,14,reel,0.209826,0.18159,0.392821,0.076923,0.742857
72,3,Jueves,10,image,0.209826,0.18159,0.392821,0.076923,0.742857
72,0,Lunes,15,story,0.209826,0.18159,0.392821,0.076923,0.742857
72,0,Lunes,10,video,0.209826,0.18159,0.392821,0.076923,0.742857
72,6,Domingo,18,story,0.209826,0.18159,0.392821,0.076923,0.742857
72,2,Miércoles,6,story,0.209826,0.18159,0.392821,0.076923,0.742857
72,1,Martes,13,story,0.209826,0.18159,0.392821,0.076923,0.742857
72,1,Martes,6,video,0.209826,0.18159,0.392821,0.076923,0.742857
72,5,Sábado,8,story,0.209826,0.18159,0.392821,0.076923,0.742857
73,5,Sábado,11,video,0.304474,0.276824,0.49475,0.0,1.142857
73,0,Lunes,21,image,0.304474,0.276824,0.49475,0.0,1.142857
73,2,Miércoles,17,video,0.304474,0.276824,0.49475,0.0,1.142857
73,4,Viernes,19,video,0.304474,0.276824,0.49475,0.0,1.142857
73,1,Martes,10,video,0.304474,0.276824,0.49475,0.0,1.142857
73,3,Jueves,21,reel,0.304474,0.276824,0.49475,0.0,1.142857
73,1,Martes,15,image,0.304474,0.276824,0.49475,0.0,1.142857
73,0,Lunes,15,story,0.304474,0.276824,0.49475,0.0,1.142857
73,3,Jueves,10,story,0.304474,0.276824,0.49475,0.0,1.142857
73,6,Domingo,6,story,0.304474,0.276824,0.49475,0.0,1.142857
73,2,Miércoles,6,image,0.304474,0.276824,0.49475,0.0,1.142857
73,6,Domingo,16,story,0.304474,0.276824,0.49475,0.0,1.142857
73,5,Sábado,17,story,0.304474,0.276824,0.49475,0.0,1.142857
73,4,Viernes,11,story,0.304474,0.276824,0.49475,0.0,1.142857
74,5,Sábado,21,video,0.440459,0.42783,0.657764,0.076923,1.857143
74,4,Viernes,21,story,0.440459,0.42783,0.657764,0.076923,1.857143
74,5,Sábado,10,video,0.440459,0.42783,0.657764,0.076923,1.857143
74,2,Miércoles,21,image,0.440459,0.42783,0.657764,0.076923,1.857143
74,0,Lunes,15,video,0.440459,0.42783,0.657764,0.076923,1.857143
74,3,Jueves,12,reel,0.440459,0.42783,0.657764,0.076923,1.857143
74,0,Lunes,15,carousel,0.440459,0.42783,0.657764,0.076923,1.857143
74,6,Domingo,22,story,0.440459,0.42783,0.657764,0.076923,1.857143
74,4,Viernes,14,video,0.440459,0.42783,0.657764,0.076923,1.857143
74,3,Jueves,21,video,0.440459,0.42783,0.657764,0.076923,1.857143
74,1,Martes,10,carousel,0.440459,0.42783,0.657764,0.076923,1.857143
74,2,Miércoles,19,video,0.440459,0.42783,0.657764,0.076923,1.857143
74,1,Martes,20,video,0.440459,0.42783,0.657764,0.076923,1.857143
74,6,Domingo,11,story,0.440459,0.42783,0.657764,0.076923,1.857143
75,4,Viernes,19,story,0.370124,0.341842,0.512421,0.0,1.485714
75,4,Viernes,11,story,0.370124,0.341842,0.512421,0.0,1.485714
75,1,Martes,20,short,0.370124,0.341842,0.512421,0.0,1.485714
75,0,Lunes,9,story,0.370124,0.341842,0.512421,0.0,1.485714
75,5,Sábado,11,reel,0.370124,0.341842,0.512421,0.0,1.485714
75,0,Lunes,21,image,0.370124,0.341842,0.512421,0.0,1.485714
75,2,Miércoles,11,story,0.370124,0.341842,0.512421,0.0,1.485714
75,6,Domingo,14,video,0.370124,0.341842,0.512421,0.0,1.485714
75,3,Jueves,22,story,0.370124,0.341842,0.512421,0.0,1.485714
75,3,Jueves,15,image,0.370124,0.341842,0.512421,0.0,1.485714
75,5,Sábado,16,short,0.370124,0.341842,0.512421,0.0,1.485714
75,1,Martes,15,video,0.370124,0.341842,0.512421,0.0,1.485714
75,6,Domingo,11,story,0.370124,0.341842,0.512421,0.0,1.485714
75,2,Miércoles,17,short,0.370124,0.341842,0.512421,0.0,1.485714
76,2,Miércoles,22,image,0.233211,0.210517,0.403836,0.115385,0.771429
76,4,Viernes,17,story,0.233211,0.210517,0.403836,0.115385,0.771429
76,4,Viernes,13,story,0.233211,0.210517,0.403836,0.115385,0.771429
76,1,Martes,16,image,0.233211,0.210517,0.403836,0.115385,0.771429
76,5,Sábado,12,story,0.233211,0.210517,0.403836,0.115385,0.771429
76,5,Sábado,17,image,0.233211,0.210517,0.403836,0.115385,0.771429
76,3,Jueves,10,image,0.233211,0.210517,0.403836,0.115385,0.771429
76,0,Lunes,8,reel,0.233211,0.210517,0.403836,0.115385,0.771429
76,3,Jueves,8,reel,0.233211,0.210517,0.403836,0.115385,0.771429
76,0,Lunes,6,story,0.233211,0.210517,0.403836,0.115385,0.771429
76,6,Domingo,15,video,0.233211,0.210517,0.403836,0.115385,0.771429
76,2,Miércoles,15,image,0.233211,0.210517,0.403836,0.115385,0.771429
76,1,Martes,16,image,0.233211,0.210517,0.403836,0.115385,0.771429
76,6,Domingo,12,story,0.233211,0.210517,0.403836,0.115385,0.771429
77,3,Jueves,11,video,0.628128,0.609141,0.940871,0.410714,2.971429
77,0,Lunes,19,video,0.628128,0.609141,0.940871,0.410714,2.971429
77,6,Domingo,21,video,0.628128,0.609141,0.940871,0.410714,2.971429
77,4,Viernes,11,video,0.628128,0.609141,0.940871,0.410714,2.971429
77,1,Martes,11,video,0.628128,0.609141,0.940871,0.410714,2.971429
77,4,Viernes,17,video,0.628128,0.609141,0.940871,0.410714,2.971429
77,3,Jueves,22,short,0.628128,0.609141,0.940871,0.410714,2.971429
77,1,Martes,20,video,0.628128,0.609141,0.940871,0.410714,2.971429
77,2,Miércoles,10,video,0.628128,0.609141,0.940871,0.410714,2.971429
77,5,Sábado,16,video,0.628128,0.609141,0.940871,0.410714,2.971429
77,0,Lunes,11,video,0.628128,0.609141,0.940871,0.410714,2.971429
77,5,Sábado,13,video,0.628128,0.609141,0.940871,0.410714,2.971429
77,2,Miércoles,22,video,0.628128,0.609141,0.940871,0.410714,2.971429
77,6,Domingo,13,video,0.628128,0.609141,0.940871,0.410714,2.971429
78,6,Domingo,21,video,0.651293,0.627782,0.9149,0.270604,3.085714
78,6,Domingo,15,video,0.651293,0.627782,0.9149,0.270604,3.085714
78,4,Viernes,14,short,0.651293,0.627782,0.9149,0.270604,3.085714
78,1,Martes,17,video,0.651293,0.627782,0.9149,0.270604,3.085714
78,0,Lunes,14,video,0.651293,0.627782,0.9149,0.270604,3.085714
78,1,Martes,12,video,0.651293,0.627782,0.9149,0.270604,3.085714
78,5,Sábado,13,video,0.651293,0.627782,0.9149,0.270604,3.085714
78,5,Sábado,18,video,0.651293,0.627782,0.9149,0.270604,3.085714
78,0,Lunes,8,video,0.651293,0.627782,0.9149,0.270604,3.085714
78,4,Viernes,17,video,0.651293,0.627782,0.9149,0.270604,3.085714
78,2,Miércoles,15,short,0.651293,0.627782,0.9149,0.270604,3.085714
78,2,Miércoles,6,short,0.651293,0.627782,0.9149,0.270604,3.085714
78,3,Jueves,21,video,0.651293,0.627782,0.9149,0.270604,3.085714
78,3,Jueves,19,video,0.651293,0.627782,0.9149,0.270604,3.085714
79,6,Domingo,20,video,0.52149,0.507248,0.829157,0.258242,2.542857
79,5,Sábado,9,video,0.52149,0.507248,0.829157,0.258242,2.542857
79,1,Martes,18,video,0.52149,0.507248,0.829157,0.258242,2.542857
79,2,Miércoles,15,video,0.52149,0.507248,0.829157,0.258242,2.542857
79,1,Martes,9,image,0.52149,0.507248,0.829157,0.258242,2.542857
79,5,Sábado,13,video,0.52149,0.507248,0.829157,0.258242,2.542857
79,0,Lunes,18,reel,0.52149,0.507248,0.829157,0.258242,2.542857
79,0,Lunes,18,video,0.52149,0.507248,0.829157,0.258242,2.542857
79,4,Viernes,6,video,0.52149,0.507248,0.829157,0.258242,2.542857
79,4,Viernes,11,short,0.52149,0.507248,0.829157,0.258242,2.542857
79,3,Jueves,19,video,0.52149,0.507248,0.829157,0.258242,2.542857
79,2,Miércoles,10,story,0.52149,0.507248,0.829157,0.258242,2.542857
79,6,Domingo,22,video,0.52149,0.507248,0.829157,0.258242,2.542857
79,3,Jueves,18,video,0.52149,0.507248,0.829157,0.258242,2.542857
80,5,Sábado,14,video,0.631942,0.611366,0.886886,0.475275,2.657143
80,5,Sábado,19,reel,0.631942,0.611366,0.886886,0.475275,2.657143
80,0,Lunes,21,video,0.631942,0.611366,0.886886,0.475275,2.657143
80,4,Viernes,10,video,0.631942,0.611366,0.886886,0.475275,2.657143
80,1,Martes,20,video,0.631942,0.611366,0.886886,0.475275,2.657143
80,6,Domingo,20,video,0.631942,0.611366,0.886886,0.475275,2.657143
80,0,Lunes,20,video,0.631942,0.611366,0.886886,0.475275,2.657143
80,6,Domingo,20,video,0.631942,0.611366,0.886886,0.475275,2.657143
80,2,Miércoles,19,story,0.631942,0.611366,0.886886,0.475275,2.657143
80,1,Martes,20,video,0.631942,0.611366,0.886886,0.475275,2.657143
80,4,Viernes,10,video,0.631942,0.611366,0.886886,0.475275,2.657143
80,3,Jueves,21,video,0.631942,0.611366,0.886886,0.475275,2.657143
80,2,Miércoles,10,video,0.631942,0.611366,0.886886,0.475275,2.657143
80,3,Jueves,15,video,0.631942,0.611366,0.886886,0.475275,2.657143
81,3,Jueves,14,story,0.588393,0.566294,0.817071,0.153846,2.771429
81,0,Lunes,19,short,0.588393,0.566294,0.817071,0.153846,2.771429
81,4,Viernes,11,video,0.588393,0.566294,0.817071,0.153846,2.771429
81,4,Viernes,11,image,0.588393,0.566294,0.817071,0.153846,2.771429
81,5,Sábado,22,video,0.588393,0.566294,0.817071,0.153846,2.771429
81,1,Martes,21,video,0.588393,0.566294,0.817071,0.153846,2.771429
81,5,Sábado,19,short,0.588393,0.566294,0.817071,0.153846,2.771429
81,2,Miércoles,14,video,0.588393,0.566294,0.817071,0.153846,2.771429
81,0,Lunes,16,video,0.588393,0.566294,0.817071,0.153846,2.771429
81,3,Jueves,22,video,0.588393,0.566294,0.817071,0.153846,2.771429
81,1,Martes,22,short,0.588393,0.566294,0.817071,0.153846,2.771429
81,2,Miércoles,13,video,0.588393,0.566294,0.817071,0.153846,2.771429
81,6,Domingo,19,video,0.588393,0.566294,0.817071,0.153846,2.771429
81,6,Domingo,17,short,0.588393,0.566294,0.817071,0.153846,2.771429
82,5,Sábado,12,video,0.555564,0.527466,0.784343,0.130495,2.257143
82,4,Viernes,21,image,0.555564,0.527466,0.784343,0.130495,2.257143
82,3,Jueves,21,video,0.555564,0.527466,0.784343,0.130495,2.257143
82,4,Viernes,21,image,0.555564,0.527466,0.784343,0.130495,2.257143
82,3,Jueves,15,video,0.555564,0.527466,0.784343,0.130495,2.257143
82,6,Domingo,18,video,0.555564,0.527466,0.784343,0.130495,2.257143
82,2,Miércoles,12,video,0.555564,0.527466,0.784343,0.130495,2.257143
82,1,Martes,13,reel,0.555564,0.527466,0.784343,0.130495,2.257143
82,2,Miércoles,14,reel,0.555564,0.527466,0.784343,0.130495,2.257143
82,0,Lunes,21,video,0.555564,0.527466,0.784343,0.130495,2.257143
82,0,Lunes,18,video,0.555564,0.527466,0.784343,0.130495,2.257143
82,1,Martes,20,video,0.555564,0.527466,0.784343,0.130495,2.257143
82,5,Sábado,15,video,0.555564,0.527466,0.784343,0.130495,2.257143
82,6,Domingo,14,story,0.555564,0.527466,0.784343,0.130495,2.257143
83,3,Jueves,21,image,0.162006,0.145067,0.2899,0.0,0.285714
83,5,Sábado,19,story,0.162006,0.145067,0.2899,0.0,0.285714
83,6,Domingo,8,image,0.162006,0.145067,0.2899,0.0,0.285714
83,3,Jueves,10,story,0.162006,0.145067,0.2899,0.0,0.285714
83,1,Martes,10,story,0.162006,0.145067,0.2899,0.0,0.285714
83,0,Lunes,21,story,0.162006,0.145067,0.2899,0.0,0.285714
83,5,Sábado,13,image,0.162006,0.145067,0.2899,0.0,0.285714
83,2,Miércoles,21,story,0.162006,0.145067,0.2899,0.0,0.285714
83,4,Viernes,10,story,0.162006,0.145067,0.2899,0.0,0.285714
83,1,Martes,17,image,0.162006,0.145067,0.2899,0.0,0.285714
83,0,Lunes,14,image,0.162006,0.145067,0.2899,0.0,0.285714
83,2,Miércoles,17,story,0.162006,0.145067,0.2899,0.0,0.285714
83,4,Viernes,15,image,0.162006,0.145067,0.2899,0.0,0.285714
83,6,Domingo,13,story,0.162006,0.145067,0.2899,0.0,0.285714
84,2,Miércoles,22,image,0.144501,0.115652,0.277721,0.181319,0.257143
84,6,Domingo,14,story,0.144501,0.115652,0.277721,0.181319,0.257143
84,2,Miércoles,11,image,0.144501,0.115652,0.277721,0.181319,0.257143
84,4,Viernes,20,story,0.144501,0.115652,0.277721,0.181319,0.257143
84,1,Martes,10,image,0.144501,0.115652,0.277721,0.181319,0.257143
84,5,Sábado,11,story,0.144501,0.115652,0.277721,0.181319,0.257143
84,1,Martes,11,image,0.144501,0.115652,0.277721,0.181319,0.257143
84,0,Lunes,15,story,0.144501,0.115652,0.277721,0.181319,0.257143
84,4,Viernes,8,story,0.144501,0.115652,0.277721,0.181319,0.257143
84,0,Lunes,10,story,0.144501,0.115652,0.277721,0.181319,0.257143
84,3,Jueves,21,story,0.144501,0.115652,0.277721,0.181319,0.257143
84,3,Jueves,13,story,0.144501,0.115652,0.277721,0.181319,0.257143
84,5,Sábado,19,story,0.144501,0.115652,0.277721,0.181319,0.257143
84,6,Domingo,10,story,0.144501,0.115652,0.277721,0.181319,0.257143
85,3,Jueves,14,reel,0.323223,0.288854,0.499664,0.0,1.171429
85,6,Domingo,21,story,0.323223,0.288854,0.499664,0.0,1.171429
85,1,Martes,20,story,0.323223,0.288854,0.499664,0.0,1.171429
85,1,Martes,9,story,0.323223,0.288854,0.499664,0.0,1.171429
85,2,Miércoles,11,story,0.323223,0.288854,0.499664,0.0,1.171429
85,0,Lunes,17,story,0.323223,0.288854,0.499664,0.0,1.171429
85,2,Miércoles,8,reel,0.323223,0.288854,0.499664,0.0,1.171429
85,6,Domingo,18,video,0.323223,0.288854,0.499664,0.0,1.171429
85,3,Jueves,10,story,0.323223,0.288854,0.499664,0.0,1.171429
85,0,Lunes,11,image,0.323223,0.288854,0.499664,0.0,1.171429
85,5,Sábado,19,video,0.323223,0.288854,0.499664,0.0,1.171429
85,4,Viernes,6,story,0.323223,0.288854,0.499664,0.0,1.171429
85,5,Sábado,22,video,0.323223,0.288854,0.499664,0.0,1.171429
85,4,Viernes,10,reel,0.323223,0.288854,0.499664,0.0,1.171429
86,2,Miércoles,19,story,0.257687,0.224797,0.398957,0.115385,0.8
86,4,Viernes,6,story,0.257687,0.224797,0.398957,0.115385,0.8
86,5,Sábado,19,story,0.257687,0.224797,0.398957,0.115385,0.8
86,0,Lunes,15,reel,0.257687,0.224797,0.398957,0.115385,0.8
86,6,Domingo,16,video,0.257687,0.224797,0.398957,0.115385,0.8
86,6,Domingo,15,image,0.257687,0.224797,0.398957,0.115385,0.8
86,4,Viernes,9,story,0.257687,0.224797,0.398957,0.115385,0.8
86,0,Lunes,22,story,0.257687,0.224797,0.398957,0.115385,0.8
86,2,Miércoles,13,story,0.257687,0.224797,0.398957,0.115385,0.8
86,1,Martes,9,image,0.257687,0.224797,0.398957,0.115385,0.8
86,3,Jueves,11,carousel,0.257687,0.224797,0.398957,0.115385,0.8
86,5,Sábado,19,image,0.257687,0.224797,0.398957,0.115385,0.8
86,1,Martes,8,image,0.257687,0.224797,0.398957,0.115385,0.8
86,3,Jueves,15,reel,0.257687,0.224797,0.398957,0.115385,0.8
87,6,Domingo,18,story,0.209525,0.198903,0.365793,0.076923,0.657143
87,3,Jueves,20,story,0.209525,0.198903,0.365793,0.076923,0.657143
87,1,Martes,17,reel,0.209525,0.198903,0.365793,0.076923,0.657143
87,5,Sábado,11,image,0.209525,0.198903,0.365793,0.076923,0.657143
87,0,Lunes,6,image,0.209525,0.198903,0.365793,0.076923,0.657143
87,3,Jueves,22,image,0.209525,0.198903,0.365793,0.076923,0.657143
87,0,Lunes,7,image,0.209525,0.198903,0.365793,0.076923,0.657143
87,6,Domingo,10,story,0.209525,0.198903,0.365793,0.076923,0.657143
87,1,Martes,10,story,0.209525,0.198903,0.365793,0.076923,0.657143
87,2,Miércoles,22,story,0.209525,0.198903,0.365793,0.076923,0.657143
87,2,Miércoles,18,story,0.209525,0.198903,0.365793,0.076923,0.657143
87,4,Viernes,17,reel,0.209525,0.198903,0.365793,0.076923,0.657143
87,4,Viernes,11,story,0.209525,0.198903,0.365793,0.076923,0.657143
87,5,Sábado,19,reel,0.209525,0.198903,0.365793,0.076923,0.657143
88,5,Sábado,11,video,0.600716,0.574995,0.868986,0.309066,2.714286
88,4,Viernes,17,video,0.600716,0.574995,0.868986,0.309066,2.714286
88,4,Viernes,18,video,0.600716,0.574995,0.868986,0.309066,2.714286
88,1,Martes,14,video,0.600716,0.574995,0.868986,0.309066,2.714286
88,5,Sábado,15,video,0.600716,0.574995,0.868986,0.309066,2.714286
88,6,Domingo,21,video,0.600716,0.574995,0.868986,0.309066,2.714286
88,6,Domingo,11,video,0.600716,0.574995,0.868986,0.309066,2.714286
88,0,Lunes,18,reel,0.600716,0.574995,0.868986,0.309066,2.714286
88,2,Miércoles,22,short,0.600716,0.574995,0.868986,0.309066,2.714286
88,0,Lunes,11,story,0.600716,0.574995,0.868986,0.309066,2.714286
88,3,Jueves,17,video,0.600716,0.574995,0.868986,0.309066,2.714286
88,3,Jueves,11,video,0.600716,0.574995,0.868986,0.309066,2.714286
88,1,Martes,16,video,0.600716,0.574995,0.868986,0.309066,2.714286
88,2,Miércoles,9,video,0.600716,0.574995,0.868986,0.309066,2.714286
89,6,Domingo,22,video,0.307809,0.290215,0.550929,0.038462,1.342857
89,1,Martes,9,video,0.307809,0.290215,0.550929,0.038462,1.342857
89,0,Lunes,8,story,0.307809,0.290215,0.550929,0.038462,1.342857
89,4,Viernes,12,story,0.307809,0.290215,0.550929,0.038462,1.342857
89,2,Miércoles,22,story,0.307809,0.290215,0.550929,0.038462,1.342857
89,6,Domingo,7,image,0.307809,0.290215,0.550929,0.038462,1.342857
89,1,Martes,10,image,0.307809,0.290215,0.550929,0.038462,1.342857
89,0,Lunes,12,story,0.307809,0.290215,0.550929,0.038462,1.342857
89,3,Jueves,18,video,0.307809,0.290215,0.550929,0.038462,1.342857
89,5,Sábado,10,story,0.307809,0.290215,0.550929,0.038462,1.342857
89,3,Jueves,14,image,0.307809,0.290215,0.550929,0.038462,1.342857
89,4,Viernes,19,reel,0.307809,0.290215,0.550929,0.038462,1.342857
89,2,Miércoles,7,video,0.307809,0.290215,0.550929,0.038462,1.342857
89,5,Sábado,19,video,0.307809,0.290215,0.550929,0.038462,1.342857
90,5,Sábado,9,image,0.473516,0.459975,0.735486,0.0,2.171429
90,4,Viernes,22,story,0.473516,0.459975,0.735486,0.0,2.171429
90,0,Lunes,8,image,0.473516,0.459975,0.735486,0.0,2.171429
90,3,Jueves,14,story,0.473516,0.459975,0.735486,0.0,2.171429
90,3,Jueves,20,video,0.473516,0.459975,0.735486,0.0,2.171429
90,2,Miércoles,10,video,0.473516,0.459975,0.735486,0.0,2.171429
90,0,Lunes,20,video,0.473516,0.459975,0.735486,0.0,2.171429
90,6,Domingo,22,video,0.473516,0.459975,0.735486,0.0,2.171429
90,1,Martes,18,reel,0.473516,0.459975,0.735486,0.0,2.171429
90,1,Martes,7,video,0.473516,0.459975,0.735486,0.0,2.171429
90,4,Viernes,13,video,0.473516,0.459975,0.735486,0.0,2.171429
90,2,Miércoles,19,video,0.473516,0.459975,0.735486,0.0,2.171429
90,5,Sábado,19,short,0.473516,0.459975,0.735486,0.0,2.171429
90,6,Domingo,19,video,0.473516,0.459975,0.735486,0.0,2.171429
91,5,Sábado,21,video,0.582284,0.561372,0.856993,0.398352,2.571429
91,6,Domingo,15,image,0.582284,0.561372,0.856993,0.398352,2.571429
91,4,Viernes,14,image,0.582284,0.561372,0.856993,0.398352,2.571429
91,1,Martes,17,video,0.582284,0.561372,0.856993,0.398352,2.571429
91,0,Lunes,13,video,0.582284,0.561372,0.856993,0.398352,2.571429
91,3,Jueves,12,video,0.582284,0.561372,0.856993,0.398352,2.571429
91,6,Domingo,13,video,0.582284,0.561372,0.856993,0.398352,2.571429
91,5,Sábado,19,video,0.582284,0.561372,0.856993,0.398352,2.571429
91,0,Lunes,8,video,0.582284,0.561372,0.856993,0.398352,2.571429
91,4,Viernes,22,video,0.582284,0.561372,0.856993,0.398352,2.571429
91,1,Martes,21,video,0.582284,0.561372,0.856993,0.398352,2.571429
91,3,Jueves,18,video,0.582284,0.561372,0.856993,0.398352,2.571429
91,2,Miércoles,16,video,0.582284,0.561372,0.856993,0.398352,2.571429
91,2,Miércoles,13,video,0.582284,0.561372,0.856993,0.398352,2.571429
92,0,Lunes,19,video,0.444843,0.415912,0.643014,0.192308,1.8
92,4,Viernes,7,story,0.444843,0.415912,0.643014,0.192308,1.8
92,3,Jueves,18,reel,0.444843,0.415912,0.643014,0.192308,1.8
92,2,Miércoles,20,story,0.444843,0.415912,0.643014,0.192308,1.8
92,5,Sábado,12,video,0.444843,0.415912,0.643014,0.192308,1.8
92,5,Sábado,14,video,0.444843,0.415912,0.643014,0.192308,1.8
92,2,Miércoles,19,video,0.444843,0.415912,0.643014,0.192308,1.8
92,1,Martes,21,carousel,0.444843,0.415912,0.643014,0.192308,1.8
92,4,Viernes,17,video,0.444843,0.415912,0.643014,0.192308,1.8
92,0,Lunes,21,reel,0.444843,0.415912,0.643014,0.192308,1.8
92,3,Jueves,16,reel,0.444843,0.415912,0.643014,0.192308,1.8
92,6,Domingo,6,image,0.444843,0.415912,0.643014,0.192308,1.8
92,6,Domingo,15,story,0.444843,0.415912,0.643014,0.192308,1.8
92,1,Martes,19,reel,0.444843,0.415912,0.643014,0.192308,1.8
93,5,Sábado,11,story,0.52646,0.478113,0.751707,0.092033,2.2
93,1,Martes,15,image,0.52646,0.478113,0.751707,0.092033,2.2
93,2,Miércoles,13,reel,0.52646,0.478113,0.751707,0.092033,2.2
93,2,Miércoles,19,video,0.52646,0.478113,0.751707,0.092033,2.2
93,1,Martes,15,video,0.52646,0.478113,0.751707,0.092033,2.2
93,3,Jueves,15,video,0.52646,0.478113,0.751707,0.092033,2.2
93,6,Domingo,12,video,0.52646,0.478113,0.751707,0.092033,2.2
93,0,Lunes,13,video,0.52646,0.478113,0.751707,0.092033,2.2
93,6,Domingo,19,video,0.52646,0.478113,0.751707,0.092033,2.2
93,4,Viernes,10,video,0.52646,0.478113,0.751707,0.092033,2.2
93,0,Lunes,21,video,0.52646,0.478113,0.751707,0.092033,2.2
93,5,Sábado,14,image,0.52646,0.478113,0.751707,0.092033,2.2
93,4,Viernes,17,video,0.52646,0.478113,0.751707,0.092033,2.2
93,3,Jueves,22,carousel,0.52646,0.478113,0.751707,0.092033,2.2
94,1,Martes,18,story,0.282699,0.267971,0.423364,0.076923,0.828571
94,3,Jueves,6,image,0.282699,0.267971,0.423364,0.076923,0.828571
94,1,Martes,17,image,0.282699,0.267971,0.423364,0.076923,0.828571
94,0,Lunes,18,story,0.282699,0.267971,0.423364,0.076923,0.828571
94,2,Miércoles,22,story,0.282699,0.267971,0.423364,0.076923,0.828571
94,6,Domingo,20,video,0.282699,0.267971,0.423364,0.076923,0.828571
94,5,Sábado,15,video,0.282699,0.267971,0.423364,0.076923,0.828571
94,5,Sábado,9,story,0.282699,0.267971,0.423364,0.076923,0.828571
94,4,Viernes,22,story,0.282699,0.267971,0.423364,0.076923,0.828571
94,4,Viernes,13,story,0.282699,0.267971,0.423364,0.076923,0.828571
94,6,Domingo,14,story,0.282699,0.267971,0.423364,0.076923,0.828571
94,2,Miércoles,21,image,0.282699,0.267971,0.423364,0.076923,0.828571
94,3,Jueves,16,video,0.282699,0.267971,0.423364,0.076923,0.828571
94,0,Lunes,7,image,0.282699,0.267971,0.423364,0.076923,0.828571
95,4,Viernes,22,reel,0.328551,0.304478,0.541221,0.0,1.4
95,6,Domingo,6,story,0.328551,0.304478,0.541221,0.0,1.4
95,2,Miércoles,10,story,0.328551,0.304478,0.541221,0.0,1.4
95,4,Viernes,14,story,0.328551,0.304478,0.541221,0.0,1.4
95,5,Sábado,10,story,0.328551,0.304478,0.541221,0.0,1.4
95,3,Jueves,10,image,0.328551,0.304478,0.541221,0.0,1.4
95,2,Miércoles,19,video,0.328551,0.304478,0.541221,0.0,1.4
95,5,Sábado,14,video,0.328551,0.304478,0.541221,0.0,1.4
95,0,Lunes,13,carousel,0.328551,0.304478,0.541221,0.0,1.4
95,3,Jueves,17,reel,0.328551,0.304478,0.541221,0.0,1.4
95,1,Martes,7,video,0.328551,0.304478,0.541221,0.0,1.4
95,6,Domingo,18,video,0.328551,0.304478,0.541221,0.0,1.4
95,0,Lunes,7,story,0.328551,0.304478,0.541221,0.0,1.4
95,1,Martes,20,carousel,0.328551,0.304478,0.541221,0.0,1.4
96,5,Sábado,18,video,0.503725,0.48093,0.792086,0.21978,2.371429
96,1,Martes,17,video,0.503725,0.48093,0.792086,0.21978,2.371429
96,0,Lunes,18,carousel,0.503725,0.48093,0.792086,0.21978,2.371429
96,2,Miércoles,9,video,0.503725,0.48093,0.792086,0.21978,2.371429
96,6,Domingo,17,video,0.503725,0.48093,0.792086,0.21978,2.371429
96,1,Martes,20,video,0.503725,0.48093,0.792086,0.21978,2.371429
96,0,Lunes,13,video,0.503725,0.48093,0.792086,0.21978,2.371429
96,4,Viernes,21,video,0.503725,0.48093,0.792086,0.21978,2.371429
96,6,Domingo,17,video,0.503725,0.48093,0.792086,0.21978,2.371429
96,5,Sábado,10,story,0.503725,0.48093,0.792086,0.21978,2.371429
96,2,Miércoles,7,video,0.503725,0.48093,0.792086,0.21978,2.371429
96,4,Viernes,14,image,0.503725,0.48093,0.792086,0.21978,2.371429
96,3,Jueves,6,reel,0.503725,0.48093,0.792086,0.21978,2.371429
96,3,Jueves,10,video,0.503725,0.48093,0.792086,0.21978,2.371429
97,4,Viernes,18,reel,0.40035,0.375827,0.582757,0.0,1.742857
97,1,Martes,6,image,0.40035,0.375827,0.582757,0.0,1.742857
97,5,Sábado,13,carousel,0.40035,0.375827,0.582757,0.0,1.742857
97,1,Martes,14,short,0.40035,0.375827,0.582757,0.0,1.742857
97,4,Viernes,21,video,0.40035,0.375827,0.582757,0.0,1.742857
97,3,Jueves,15,video,0.40035,0.375827,0.582757,0.0,1.742857
97,6,Domingo,8,image,0.40035,0.375827,0.582757,0.0,1.742857
97,3,Jueves,19,reel,0.40035,0.375827,0.582757,0.0,1.742857
97,0,Lunes,15,story,0.40035,0.375827,0.582757,0.0,1.742857
97,6,Domingo,16,story,0.40035,0.375827,0.582757,0.0,1.742857
97,5,Sábado,21,short,0.40035,0.375827,0.582757,0.0,1.742857
97,0,Lunes,20,reel,0.40035,0.375827,0.582757,0.0,1.742857
97,2,Miércoles,13,reel,0.40035,0.375827,0.582757,0.0,1.742857
97,2,Miércoles,21,story,0.40035,0.375827,0.582757,0.0,1.742857
98,5,Sábado,11,video,0.626273,0.607396,0.902414,0.487637,2.742857
98,4,Viernes,21,video,0.626273,0.607396,0.902414,0.487637,2.742857
98,5,Sábado,10,video,0.626273,0.607396,0.902414,0.487637,2.742857
98,2,Miércoles,21,image,0.626273,0.607396,0.902414,0.487637,2.742857
98,1,Martes,15,video,0.626273,0.607396,0.902414,0.487637,2.742857
98,3,Jueves,12,video,0.626273,0.607396,0.902414,0.487637,2.742857
98,0,Lunes,15,video,0.626273,0.607396,0.902414,0.487637,2.742857
98,6,Domingo,22,video,0.626273,0.607396,0.902414,0.487637,2.742857
98,2,Miércoles,14,video,0.626273,0.607396,0.902414,0.487637,2.742857
98,3,Jueves,21,video,0.626273,0.607396,0.902414,0.487637,2.742857
98,1,Martes,10,video,0.626273,0.607396,0.902414,0.487637,2.742857
98,4,Viernes,19,video,0.626273,0.607396,0.902414,0.487637,2.742857
98,0,Lunes,20,video,0.626273,0.607396,0.902414,0.487637,2.742857
98,6,Domingo,15,video,0.626273,0.607396,0.902414,0.487637,2.742857
99,4,Viernes,13,story,0.281528,0.264217,0.474621,0.076923,1.057143
99,4,Viernes,21,reel,0.281528,0.264217,0.474621,0.076923,1.057143
99,5,Sábado,20,video,0.281528,0.264217,0.474621,0.076923,1.057143
99,1,Martes,9,story,0.281528,0.264217,0.474621,0.076923,1.057143
99,1,Martes,11,story,0.281528,0.264217,0.474621,0.076923,1.057143
99,6,Domingo,21,story,0.281528,0.264217,0.474621,0.076923,1.057143
99,0,Lunes,16,story,0.281528,0.264217,0.474621,0.076923,1.057143
99,3,Jueves,18,video,0.281528,0.264217,0.474621,0.076923,1.057143
99,6,Domingo,10,story,0.281528,0.264217,0.474621,0.076923,1.057143
99,3,Jueves,14,image,0.281528,0.264217,0.474621,0.076923,1.057143
99,2,Miércoles,10,image,0.281528,0.264217,0.474621,0.076923,1.057143
99,5,Sábado,7,video,0.281528,0.264217,0.474621,0.076923,1.057143
99,2,Miércoles,8,reel,0.281528,0.264217,0.474621,0.076923,1.057143
99,0,Lunes,19,story,0.281528,0.264217,0.474621,0.076923,1.057143
