hour,day,type,engagement,reach_score,retention
0,0,carousel,0.21836814532262847,0.10280766723663949,0.22857408993539405
0,0,image,0.11438287199651817,0.09926937865210753,0.1191708677732837
0,0,reel,0.23079329895277945,0.10065583613333795,0.23492611162883545
0,0,short,0.5417965345918523,0.3765109650680858,0.5051011475338855
0,0,video,0.21646958621066473,0.046212125476142465,0.2263773545160936
0,1,carousel,0.21593736075967654,0.1100661609338737,0.22079968830395424
0,1,image,0.15996214199667366,0.09262930425769457,0.16366573868025736
0,1,reel,0.2972647365773721,0.11337173339667364,0.3111770529040147
0,1,short,0.5566970566385993,0.5389818899660876,0.5217617829154604
0,1,video,0.18403313916053393,0.006684784381599033,0.19595671360164715
0,2,carousel,0.1801918912875618,0.06794100553842837,0.1801402596316608
0,2,image,0.15651091981449125,0.07651963887025719,0.18101633915817802
0,2,reel,0.26974819864150684,0.14389570127125983,0.27791144997214934
0,2,short,0.6067592603997238,0.5201790451127669,0.5787172139993512
0,2,video,0.23433052903826793,0.018209818536985337,0.2484849718668151
0,3,carousel,0.22378113497856789,0.0940836191070006,0.2230381701781902
0,3,image,0.1760705831119591,0.0926002901997914,0.1805907590626257
0,3,reel,0.2114859976847583,0.08414116971739335,0.22097165941018537
0,3,short,0.5213823192941335,0.379171438737441,0.4891237621721899
0,3,video,0.17709204434382528,0.0346973242594232,0.18676168738206955
0,4,carousel,0.1967710749724157,0.0745109132826061,0.20107078596215053
0,4,image,0.15862898449878926,0.1308638709657103,0.15802480237595545
0,4,reel,0.1870784285033063,0.10610429872874017,0.19533104309310712
0,4,short,0.6558192544639011,0.5399419996008683,0.5972751235617452
0,4,video,0.19265653679340805,0.013621166427172012,0.21095604910507543
0,5,carousel,0.163429389853479,0.11750099981420775,0.1691195883203949
0,5,image,0.13984136687834586,0.06652331353567974,0.15481599060844958
0,5,reel,0.19853243177215876,0.09998367007615683,0.20657004272906315
0,5,short,0.6220378269703541,0.38920639219861664,0.622108302293394
0,5,video,0.2140788234753273,0.011768588020215204,0.22247907552793775
0,6,carousel,0.18947602861729024,0.09903090085985235,0.20228673750525272
0,6,image,0.3082563736747725,0.1257329908997788,0.3149599585205508
0,6,reel,0.1983304476144631,0.06328711470039539,0.20770619798683593
0,6,short,0.46302653540890876,0.5111947961140151,0.4361271525476167
0,6,video,0.2022958394510005,0.020305813158195817,0.21739200004214648
1,0,carousel,0.1950433070409096,0.17606132133826202,0.2044895897583212
1,0,image,0.1867872759121168,0.06456886146172232,0.19102074924593004
1,0,reel,0.13694494047982247,0.06722897687253916,0.14953238881088537
1,0,short,0.4797655839525957,0.4689405779413934,0.4614857970285998
1,0,video,0.22406151978406738,0.019402103911278817,0.2398147999244057
1,1,carousel,0.2922643261473301,0.11527403629658643,0.29385416480410015
1,1,image,0.18644394027819394,0.08889834251272992,0.19506499324412163
1,1,reel,0.1578717759221168,0.07828033530776958,0.16174433098191202
1,1,short,0.5396915325836763,0.46947820895283165,0.5029886571774704
1,1,video,0.24415735583247297,0.037870077975099406,0.25978213938834355
1,2,carousel,0.16412981295323784,0.08877235895837164,0.16800831340126793
1,2,image,0.23034994275406956,0.151957364053384,0.24264016506710998
1,2,reel,0.15786765691073631,0.16587169628321036,0.1513671871907068
1,2,short,0.5335030546506114,0.3636471679552498,0.5006240934129587
1,2,video,0.14617974618225987,0.02577405820119483,0.15433980035012024
1,3,carousel,0.22032585397449775,0.05787349752329488,0.21490390622806835
1,3,image,0.20191972976287417,0.09167446049395546,0.20713251124051557
1,3,reel,0.15814468719317673,0.06867227822231459,0.2036373209958893
1,3,short,0.5579427969287438,0.5015823961970934,0.5530305017094664
1,3,video,0.22622474070181056,0.01652920267746499,0.23389690538062843
1,4,carousel,0.1508277584826796,0.09229046151003961,0.17320601487660206
1,4,image,0.1509059014797413,0.08159004734916613,0.15121217393611744
1,4,reel,0.26418174375749565,0.11271173230801206,0.1609951008058482
1,4,short,0.5134535343362379,0.4580354571809652,0.49560424904585465
1,4,video,0.19917109228404548,0.035301226989081634,0.2063114714303619
1,5,carousel,0.1931639729919969,0.10296388117753597,0.19562224851134152
1,5,image,0.15900337573273132,0.19675826269404156,0.15364810457079922
1,5,reel,0.2814059261952067,0.0849440576396827,0.2877985392432722
1,5,short,0.5019958937329038,0.5682958044746127,0.5150558190814464
1,5,video,0.2074201850770042,0.02403736676660591,0.22291196937075014
1,6,carousel,0.19749236722521232,0.06380931487447127,0.20711259195284176
1,6,image,0.2039927162882708,0.10179728131510321,0.21019071259035033
1,6,reel,0.1609279174907739,0.11855029863966784,0.17333772062838623
1,6,short,0.4681693623674091,0.5251912522190574,0.45608651979305054
1,6,video,0.2041473201586815,0.017321805635501984,0.21847653777543694
2,0,carousel,0.18831895498567972,0.08695746302261942,0.18675262145896637
2,0,image,0.16244145077739175,0.10050820702384665,0.1766880424678608
2,0,reel,0.18508124771278783,0.12325408646722165,0.19161014818044161
2,0,short,0.6078867156255839,0.536829437531263,0.5664154778308875
2,0,video,0.22093967045235402,0.026917030693152728,0.22797215310168126
2,1,carousel,0.1651493408055176,0.08723241192975163,0.1799139971984186
2,1,image,0.20156990174343362,0.09536613668641103,0.20483093646092848
2,1,reel,0.16257265896251394,0.12179154109944923,0.17188058315945176
2,1,short,0.5248094832624887,0.5233601757557584,0.5054839120174973
2,1,video,0.15436813651661552,0.021204211589069266,0.17070782716409205
2,2,carousel,0.2207992216525177,0.06071564654127265,0.23668420890752767
2,2,image,0.21015661688228326,0.10543412580199446,0.21963056730585132
2,2,reel,0.14840456626478957,0.09942246952534804,0.1531990468197348
2,2,short,0.5231810732169233,0.5232743557751834,0.49976361369487443
2,2,video,0.17439891023629292,0.012196765653202928,0.1842034697248774
2,3,carousel,0.15870624958051865,0.12332309001746808,0.16928622641180008
2,3,image,0.18004976006403653,0.10947853109860799,0.18618339957500726
2,3,reel,0.18318640847246614,0.07524795917189142,0.169841748723071
2,3,short,0.44132070021975334,0.5297591318580172,0.43567751727066745
2,3,video,0.20700732548407674,0.01775136597382079,0.20494437708363694
2,4,carousel,0.1638278516364425,0.08688731857702034,0.16375671536705155
2,4,image,0.1634429275046531,0.06286847483459766,0.1667363413033755
2,4,reel,0.19069687381627765,0.05772844573764245,0.21113774414876738
2,4,short,0.4151433634337957,0.5848087282133736,0.4103389476042712
2,4,video,0.20380378726714607,0.045898501575534094,0.2117232538093591
2,5,carousel,0.1297167429408818,0.09667116976687797,0.1390147796803602
2,5,image,0.17332736508819893,0.11264101054187305,0.17342267615776918
2,5,reel,0.1333292975119676,0.07796944819702796,0.13662700805164887
2,5,short,0.5892804511523612,0.439026565383159,0.5445635116866612
2,5,video,0.2216352990105636,0.026645780307603516,0.24092936658987626
2,6,carousel,0.2273307224046805,0.12368977103467386,0.24368567779072947
2,6,image,0.21871398492049354,0.09366695862591114,0.2348080796207371
2,6,reel,0.17360480643564774,0.09740552149364369,0.18297321688320936
2,6,short,0.5108404530762761,0.5398410481844157,0.48204791546925624
2,6,video,0.19566761585476433,0.013701848289596355,0.20448312391798132
3,0,carousel,0.19740219167152184,0.11463235403274892,0.21386228565926438
3,0,image,0.2169615134579863,0.09781830567967947,0.2119474067439585
3,0,reel,0.2106090166633273,0.050192247739790086,0.20934821674307622
3,0,short,0.4671562767640927,0.5473050633906802,0.4452973159232114
3,0,video,0.18937594311619158,0.007827513587546969,0.1929689017474431
3,1,carousel,0.22352229495051423,0.08924798226471302,0.21978079008074905
3,1,image,0.1608525808751029,0.08801828951470435,0.1698982991587275
3,1,reel,0.17844019603272898,0.10299783312357354,0.16964800933138935
3,1,short,0.5742542910805051,0.6101327250713079,0.530723045448033
3,1,video,0.18115939841696524,0.036002668417537596,0.19259147711540694
3,2,carousel,0.17165516910592252,0.06814258662694701,0.18225464642863728
3,2,image,0.21816428758371784,0.07225599547380697,0.21756292493418317
3,2,reel,0.22747838741688498,0.0722834181994527,0.23345863463046157
3,2,short,0.42194010416595035,0.5202015099315787,0.41133689529465045
3,2,video,0.22189003485796,0.05841696594883344,0.23057344166020302
3,3,carousel,0.16703757426206864,0.0865352973778101,0.17517566619227254
3,3,image,0.13635869720272217,0.08511552184003603,0.14433039388731544
3,3,reel,0.13883673513202707,0.0563984435438244,0.1484479316025983
3,3,short,0.46913098655135943,0.573027748873776,0.45654411654527677
3,3,video,0.25338190693251,0.067399890105241,0.25169684423975486
3,4,carousel,0.2410322762801626,0.11005150587401444,0.24271344968382427
3,4,image,0.1842917554721172,0.1169434918655536,0.19447123502222274
3,4,reel,0.13034023183506496,0.07103929243594628,0.11401324320693051
3,4,short,0.5384538817447658,0.5745841329871045,0.5164139700099643
3,4,video,0.23052472879673122,0.021747321371743053,0.24425826690286292
3,5,carousel,0.1949395747591288,0.0900302515962913,0.1922308579274493
3,5,image,0.21842754258599958,0.07301950188783816,0.2271175544531053
3,5,reel,0.2133918882321446,0.0767293636773009,0.2170974089630843
3,5,short,0.48164899217728663,0.46383290940267424,0.49139881948381137
3,5,video,0.20991334382520144,0.05702055539786537,0.21785081707305387
3,6,carousel,0.1694835205682827,0.08906117783287064,0.18168002129678543
3,6,image,0.24420767003269397,0.10819721689512814,0.2669875374420727
3,6,reel,0.20869662912030104,0.06837264886210122,0.20904219589001433
3,6,short,0.4119939347374615,0.47679262698554026,0.41197098160691875
3,6,video,0.22455527544780457,0.01201015512842028,0.23493631252991928
4,0,carousel,0.19126442224803858,0.05063018660649338,0.2055615569747773
4,0,image,0.1582555119268613,0.13080495802879674,0.17467355701837536
4,0,reel,0.250293672015581,0.09759974861814205,0.24497639957854123
4,0,short,0.4711889022995278,0.5619514280629632,0.43880489888738144
4,0,video,0.19908411432288908,0.025061921771936918,0.2105430043066438
4,1,carousel,0.14280344219291238,0.09433850612537092,0.14766545906633458
4,1,image,0.1712797709340155,0.1163907074485896,0.1677644944982538
4,1,reel,0.19241919532727222,0.06657503015187728,0.1955873740996067
4,1,short,0.532644748943328,0.545182456135981,0.4965457082092348
4,1,video,0.2208783122787603,0.05400314678187985,0.22892546150032606
4,2,carousel,0.1488505750637637,0.10954224254390522,0.1582064850658312
4,2,image,0.2136370514355026,0.10027315508974036,0.21631986109020604
4,2,reel,0.22792381438238227,0.05894855084297046,0.2517737667154706
4,2,short,0.4358291092128443,0.48525851136083603,0.4272148657767019
4,2,video,0.26096528427340043,0.04104088958285408,0.2672933740449031
4,3,carousel,0.16358313022002205,0.08619107000588867,0.17612931238018734
4,3,image,0.1888661498038887,0.09341211284472221,0.18064720994308375
4,3,reel,0.17050464875365798,0.17919067357911794,0.17831169941933414
4,3,short,0.48624104809045854,0.578798582324739,0.49391920742426637
4,3,video,0.2219115291441086,0.053517459284047324,0.22800406003005833
4,4,carousel,0.1877864138240441,0.07201323218677474,0.1793365783909489
4,4,image,0.1614760239919014,0.07588878497119171,0.17215749804306218
4,4,reel,0.15578492051793072,0.07883023312203402,0.14547246268710326
4,4,short,0.6301058401642665,0.5862015356590384,0.5916868276639389
4,4,video,0.20443289158290487,0.01122474265895321,0.2229835359673542
4,5,carousel,0.13664015796230627,0.14441865746032845,0.13701492483193942
4,5,image,0.21405241673230802,0.10752133199394968,0.2168760556055478
4,5,reel,0.19293764677510047,0.09417046461107566,0.2044301260267299
4,5,short,0.5081272248136123,0.4356690574847132,0.46281621260620165
4,5,video,0.29920535975150986,0.019302492986596427,0.3210433978478585
4,6,carousel,0.13430866559603144,0.11091828605078112,0.1434610029431911
4,6,image,0.1851879284846128,0.10619306176175136,0.19098217491987082
4,6,reel,0.18172783521132788,0.12192020110548636,0.1746214653273528
4,6,short,0.44906252460572443,0.5158961417602876,0.4285594546500296
4,6,video,0.24439171293324816,0.041595345232969275,0.2561382417076564
5,0,carousel,0.18260994917895593,0.05449740948026306,0.19003760177090862
5,0,image,0.18757717521618902,0.13821301148537976,0.195993965932819
5,0,reel,0.23478086382041652,0.07246960407357372,0.2503542037222259
5,0,short,0.6278606297223323,0.5658111476430951,0.6042119293197277
5,0,video,0.23805664090999465,0.020497862861830245,0.2559748614243277
5,1,carousel,0.216677876555179,0.09594259124551134,0.22430145022554
5,1,image,0.18613405516347412,0.11256418250079271,0.19567461283195903
5,1,reel,0.33118433885485093,0.19166320274342719,0.3656906498628927
5,1,short,0.4972122686005018,0.4990064588254964,0.49276979037472884
5,1,video,0.23502957254877088,0.013047333839708467,0.25609791090528283
5,2,carousel,0.14443527967973785,0.09072707748796287,0.15131181118270637
5,2,image,0.22234483617333053,0.07992425554516377,0.23350753154685475
5,2,reel,0.12183858168136802,0.10904863348228204,0.11941230888966911
5,2,short,0.5836608024481671,0.46372987235713553,0.590271031423206
5,2,video,0.208273910596398,0.03280030494286521,0.22288895766003908
5,3,carousel,0.1810335776001157,0.09072476820580322,0.19742111532584092
5,3,image,0.22543547427395833,0.07673022965811079,0.23528883780493956
5,3,reel,0.18422753661103378,0.09727326260631884,0.18628456923508097
5,3,short,0.5199271747778323,0.546904378916556,0.4660189904568094
5,3,video,0.22698065421014346,0.05651959665550537,0.2379321042202367
5,4,carousel,0.17938869169476973,0.07471682427517405,0.18292688563438547
5,4,image,0.1878373811473809,0.14721240777304376,0.19058202946675065
5,4,reel,0.16760515019901023,0.08138295210933681,0.17301520082537739
5,4,short,0.5152705301910534,0.5769714356048269,0.477571086759446
5,4,video,0.20144511751110222,0.026721753122490557,0.21335480511480837
5,5,carousel,0.209627258622348,0.05141154872008036,0.22129360160298575
5,5,image,0.14961229069026552,0.10530169196905143,0.16413756161013413
5,5,reel,0.1397273084529481,0.07329661574699506,0.14890757576511274
5,5,short,0.5716430431822788,0.4515028907138531,0.540863137038443
5,5,video,0.17163602876306017,0.012045270185828363,0.17519390509036012
5,6,carousel,0.1838677615879393,0.1329357519215152,0.184423013595861
5,6,image,0.1564648252428675,0.0927733114161463,0.16733303795951032
5,6,reel,0.19210944028600074,0.11783833870241435,0.19822162929063344
5,6,short,0.5496468233180436,0.5043359498788333,0.5290867031161873
5,6,video,0.2263623995458102,0.012692310488065956,0.24566478169410788
6,0,carousel,0.21459699031257076,0.12715340561386493,0.21569856206694982
6,0,image,0.14294588056185525,0.0772931171845232,0.15762728780070773
6,0,reel,0.22102036067958084,0.1790963778909326,0.23133907155369363
6,0,short,0.5567545422220366,0.4947642131548781,0.5434246599296096
6,0,video,0.31272383086517686,0.019940212500698756,0.3312807107555053
6,1,carousel,0.16394964555995548,0.10583007147228285,0.18150412017272108
6,1,image,0.1964384625829182,0.0887988268846629,0.20528052655907908
6,1,reel,0.30305409834976976,0.09928469985105129,0.3040814694481402
6,1,short,0.4967643557574797,0.47124075933877846,0.47769667362719687
6,1,video,0.15882182738001907,0.022347780910151285,0.1721296457102988
6,2,carousel,0.22944923866759595,0.11657676211349703,0.22969037205675547
6,2,image,0.1592421810751137,0.09801626585428551,0.15811373733948195
6,2,reel,0.12119826201663592,0.08154941286501091,0.12800879294092304
6,2,short,0.5133348624935078,0.4141674864313091,0.49621987209794216
6,2,video,0.15127591831535453,0.021189218854397902,0.15371223461798295
6,3,carousel,0.20355634074148785,0.08018487453175181,0.20795785005034165
6,3,image,0.1618753567305878,0.06827763839610457,0.18039029866035788
6,3,reel,0.12268073786552437,0.0764285796760077,0.1276692349455417
6,3,short,0.47965258657890397,0.41646820109816496,0.5104718188844005
6,3,video,0.2606240015857175,0.04277457808994086,0.26866889120942666
6,4,carousel,0.1971073318445537,0.08414814254988837,0.2006257902772232
6,4,image,0.1590400104614958,0.10848285935317008,0.1691035853807489
6,4,reel,0.2216048675538927,0.07846478922027088,0.231804400415015
6,4,short,0.46853045862064496,0.4580762411169903,0.4628238472275823
6,4,video,0.17603837351612314,0.027056892605344187,0.18680672988511107
6,5,carousel,0.20855486214893162,0.07650704278575005,0.21577078764719282
6,5,image,0.19286484898126505,0.09795282136547853,0.19658400547566363
6,5,reel,0.16121886571896096,0.05570787935954724,0.17159381962451814
6,5,short,0.4989159117778901,0.5291367959226039,0.5031353879376452
6,5,video,0.17923334182740852,0.053222915819038076,0.18747439155842563
6,6,carousel,0.2108563310546029,0.08326034352221612,0.21516175924152894
6,6,image,0.22927070162834134,0.12901208909210574,0.23752687228795408
6,6,reel,0.16591195728486516,0.08523230553782357,0.184103969176085
6,6,short,0.5500547272132832,0.49617263560358205,0.505735673404503
6,6,video,0.1919245979624019,0.022464175311530943,0.20795814039505794
7,0,carousel,0.17629118447318196,0.10318594339949427,0.1705716040462284
7,0,image,0.19024852653290575,0.07970920364404725,0.19110465495850776
7,0,reel,0.21995132474350393,0.10987317092481803,0.22375205111960428
7,0,short,0.5755430582346018,0.4867625911879178,0.5493471558462779
7,0,video,0.21539471688798636,0.023522004488303588,0.21699431218003828
7,1,carousel,0.15750277958555547,0.09115314004641657,0.1653335507389669
7,1,image,0.21296190035430473,0.12025009525788909,0.22872485321657682
7,1,reel,0.16717049959441052,0.08641622501645363,0.16949130383370745
7,1,short,0.5264817358684593,0.5153411099022136,0.5123762096752472
7,1,video,0.23900782266697365,0.01785915714521688,0.24375793926700096
7,2,carousel,0.15321231418555775,0.09729390618926108,0.16578200211990407
7,2,image,0.17226432978123002,0.10695129457469685,0.1710391164731049
7,2,reel,0.10425874325920942,0.06780629741244933,0.12458747239134384
7,2,short,0.5476141354857647,0.4996413738387224,0.5346269902034565
7,2,video,0.18720906455791533,0.014761727097387625,0.20387483896956177
7,3,carousel,0.21524026109112288,0.09769302712251896,0.22745309290419216
7,3,image,0.18185172948895004,0.1236589106276314,0.19858717866141945
7,3,reel,0.21860230384447527,0.0810211645709931,0.23168815562934436
7,3,short,0.5301880116164185,0.5613500815280623,0.5073923874706763
7,3,video,0.23976714935414092,0.07581499650896122,0.243578421285578
7,4,carousel,0.19095002958719276,0.10979970530006901,0.19982529881051475
7,4,image,0.18240532709992868,0.10406824461693007,0.1923831181686152
7,4,reel,0.17363387863578517,0.12621051746064735,0.1821541942351001
7,4,short,0.47358996832310885,0.44296332020708157,0.4745999757821509
7,4,video,0.17580084423247003,0.0072691552678394115,0.17769214888365767
7,5,carousel,0.17384827790018717,0.05876012864478,0.1742504357538124
7,5,image,0.20098441381203544,0.11484117911947071,0.21536146000062523
7,5,reel,0.18609652357710052,0.07434733912963155,0.19429918657381084
7,5,short,0.5748404477607544,0.46061553775923064,0.560992162325082
7,5,video,0.27118514611857714,0.007012586434000708,0.2816213904111811
7,6,carousel,0.15545826952145278,0.0788778620665766,0.16600289225667075
7,6,image,0.16351139098015544,0.08515333633540013,0.17521395175824325
7,6,reel,0.18729803895953684,0.07331826526724168,0.19295424533810712
7,6,short,0.524364797810054,0.5546379841271827,0.5106970520249831
7,6,video,0.22759901055385973,0.020158299540162492,0.24315405700641934
8,0,carousel,0.18861733873206596,0.12368803907305415,0.20251374123533653
8,0,image,0.24617689101787177,0.07643796113478125,0.26165459478997344
8,0,reel,0.12298522836235312,0.0851709446118674,0.13511372175603656
8,0,short,0.5409800809757855,0.5508842188461053,0.48376016111486453
8,0,video,0.1546329456846615,0.060467163229426246,0.156678213988126
8,1,carousel,0.20321419124504,0.1264810818851078,0.21236985835015051
8,1,image,0.20640331390081348,0.14520100080736056,0.206714534891129
8,1,reel,0.14338855219206265,0.0817733307601332,0.16547414424060752
8,1,short,0.5471420134737857,0.4683923129784604,0.5275004510223931
8,1,video,0.24074283448696226,0.009900189088074236,0.24603191195037133
8,2,carousel,0.1900303342253617,0.09898160656759845,0.20087298908801712
8,2,image,0.18530448763625765,0.07626404332213331,0.20672404640203657
8,2,reel,0.2111540610641849,0.1013247032160053,0.21550475177851663
8,2,short,0.6016765418437454,0.5265809102693303,0.5831369774966311
8,2,video,0.2503906336298885,0.021479753858563013,0.2679713306196583
8,3,carousel,0.25520069608600576,0.09663696352488829,0.276989031093378
8,3,image,0.24669622280687362,0.13099633978777697,0.2477286803040695
8,3,reel,0.19949216490808444,0.12655443555370813,0.19015834386415975
8,3,short,0.540927348754843,0.5159388005743744,0.5202134465277771
8,3,video,0.1965724869890113,0.0320642513420226,0.21294056386118343
8,4,carousel,0.10712927052329242,0.08244137309917213,0.10686278528795708
8,4,image,0.2781380075499188,0.1028785202119921,0.28059999594790547
8,4,reel,0.15409732476490848,0.06064587323030636,0.1728035268700694
8,4,short,0.5771177657212038,0.5599517069303003,0.500557744841379
8,4,video,0.22863053798033667,0.025625284452551102,0.24228913777592934
8,5,carousel,0.13523771374875054,0.07868648030759638,0.13593779786758417
8,5,image,0.16709638046726852,0.08503209902201901,0.16852794141204144
8,5,reel,0.182774032563039,0.08170047840628741,0.18050623524477982
8,5,short,0.44920325093926405,0.58349127576749,0.43253981108066464
8,5,video,0.21530728311626693,0.05631524104677284,0.21955914549305147
8,6,carousel,0.15184309388857553,0.1305710120009195,0.16537910263303018
8,6,image,0.1612025663247635,0.09211314162992434,0.16830335973424995
8,6,reel,0.20146768373022308,0.05378318149803133,0.22782401364131988
8,6,short,0.5591558029839532,0.5199406625506595,0.5046638404393994
8,6,video,0.22717038243819326,0.05487424651078864,0.23156034840450107
9,0,carousel,0.17265875179813192,0.05353178464474318,0.19000809257011986
9,0,image,0.1735610945822603,0.0857382857538734,0.17813949923062666
9,0,reel,0.18757406623619777,0.1237024720865519,0.19815566307714608
9,0,short,0.48412407731169366,0.5251360811460681,0.47231785260636927
9,0,video,0.25456556527507995,0.018776109395126122,0.2707497052535289
9,1,carousel,0.20678933203322084,0.0719640877758149,0.21845269425617858
9,1,image,0.1970747789867141,0.0992262461463854,0.20082327329802016
9,1,reel,0.19092992884639828,0.06992506379391966,0.19730080390249108
9,1,short,0.6324829331376797,0.4732896050296922,0.5904339675905316
9,1,video,0.19806449229936682,0.01265423785893983,0.20684113598930465
9,2,carousel,0.25653625611127706,0.057466486542658214,0.2485764668363597
9,2,image,0.16572642148874434,0.0651780456545083,0.1779191437578165
9,2,reel,0.15350782407684188,0.10425914104600585,0.17027597782970325
9,2,short,0.5697836474586695,0.44332218338934065,0.6058473551126005
9,2,video,0.2159924410654256,0.029276459123575974,0.23553006482445368
9,3,carousel,0.21067980035237482,0.1600798001316291,0.22116975450725163
9,3,image,0.1730268091749585,0.0831750950217125,0.1864170958879182
9,3,reel,0.19077042469513344,0.10818794477736597,0.19581662162950564
9,3,short,0.5140481724879166,0.4311730132663482,0.5123730298422526
9,3,video,0.2896177414629529,0.04690191247533731,0.29544627544850255
9,4,carousel,0.16988313651881426,0.07327583220755828,0.16580907527797034
9,4,image,0.17680898206737142,0.13300021938180517,0.17961210319310403
9,4,reel,0.19587496402294818,0.0943245542123231,0.19078432054492353
9,4,short,0.4774189044257552,0.3572849558966319,0.4682872024518472
9,4,video,0.21867163226416142,0.0419335112416688,0.22305562353320776
9,5,carousel,0.1360493428667358,0.1200032907270775,0.14187415984265792
9,5,image,0.23214661628946495,0.09635191150830764,0.23374820778730912
9,5,reel,0.2283153448227113,0.10845543662752434,0.2422218056804854
9,5,short,0.5560118003916764,0.45041746735954824,0.5438042534663536
9,5,video,0.167934450700628,0.008941983248321558,0.17666607614745164
9,6,carousel,0.21221561168964542,0.16802409158613046,0.2236332698082117
9,6,image,0.1395324161882069,0.09232437909175933,0.14596716193461673
9,6,reel,0.12850704312367064,0.0737988846167169,0.12882151828219957
9,6,short,0.5060175175617901,0.34532196339809307,0.4404237675807462
9,6,video,0.23993643029571632,0.01052267860812052,0.2517670026323296
10,0,carousel,0.1494919025881934,0.05952752087013752,0.15749289919746667
10,0,image,0.18046922842576793,0.09871411471744009,0.19791970729001987
10,0,reel,0.17945115853566596,0.05490318334545706,0.15073991683622442
10,0,short,0.47136011357575935,0.5519199971425972,0.4236382808717107
10,0,video,0.19161426008341098,0.03440041112194466,0.20437875494863977
10,1,carousel,0.23725599715082413,0.12423793688731859,0.25168152405909755
10,1,image,0.1682987863015083,0.18508056770552875,0.1528838128083063
10,1,reel,0.12821752655323065,0.07544424815546087,0.13484471210646867
10,1,short,0.5310816138353417,0.5754028146046223,0.48183674118543207
10,1,video,0.2211475583527667,0.01132792944114152,0.23152741108604014
10,2,carousel,0.1971079502134943,0.11822196820118466,0.21855819115669703
10,2,image,0.188148309111784,0.1065924954103017,0.1993302290940825
10,2,reel,0.15650460063057484,0.12484845335827359,0.1701164975568367
10,2,short,0.529520139174045,0.5581929962758455,0.5475965812008262
10,2,video,0.23743923021913654,0.016142591638118594,0.234818401595152
10,3,carousel,0.18200428631251633,0.12193009802902767,0.1876124754889215
10,3,image,0.19753391852686972,0.1357486775235918,0.21646766310161633
10,3,reel,0.13089627718900246,0.10640594871084325,0.15470166358912724
10,3,short,0.5437362770882322,0.4585273029566766,0.5092645676462061
10,3,video,0.18388477613536888,0.04137868018443597,0.19032013912678186
10,4,carousel,0.1559891117244794,0.09630201451878684,0.16428333113451957
10,4,image,0.2059756634480067,0.09893289514704354,0.21405570497464624
10,4,reel,0.10978591317115302,0.09599397277356334,0.11927879578586181
10,4,short,0.5160582480863569,0.44359906242453173,0.47883914079063494
10,4,video,0.22405331279724952,0.023549773539871217,0.24543426073405544
10,5,carousel,0.14418051932474976,0.1141085593543247,0.1607338155978955
10,5,image,0.17659149268079796,0.15230505860411184,0.18415997067650236
10,5,reel,0.19465908838663257,0.1339861254129154,0.20142218940210224
10,5,short,0.5477247353388767,0.4830521173301918,0.5305917370620055
10,5,video,0.19360274439827752,0.030187239906419708,0.19434166647311993
10,6,carousel,0.1359906957308042,0.09334283437993299,0.1403652338063514
10,6,image,0.16995980099621852,0.14803342419470444,0.17699060005663445
10,6,reel,0.18631468542764518,0.10033946447746718,0.19967672635492
10,6,short,0.5414021306406244,0.48975397407509874,0.5220921873256388
10,6,video,0.20408415387138673,0.06493722295297139,0.20346947357342038
11,0,carousel,0.18435520981423167,0.11403427744485627,0.18215688264384897
11,0,image,0.15025169237419467,0.10779729121202675,0.16141327405034683
11,0,reel,0.1357615794574254,0.05002771138591569,0.16251923690330905
11,0,short,0.5745512558499659,0.47078095020572586,0.555209382832987
11,0,video,0.22987514960786923,0.031799141359912415,0.22545506593524706
11,1,carousel,0.15938360829642248,0.09060324223215213,0.15709173021354125
11,1,image,0.134392464519723,0.12994763702703013,0.14169263309704883
11,1,reel,0.2079557589237804,0.1349816659491397,0.21310183285030118
11,1,short,0.5590240189493341,0.4710747033285634,0.5486145682205708
11,1,video,0.14879804551952294,0.015403645328152079,0.1562539845498203
11,2,carousel,0.19317748520481495,0.062370824529195096,0.2155038439529994
11,2,image,0.22491141499191353,0.08542405843143659,0.23686590850914735
11,2,reel,0.20045681659354403,0.09091586130451348,0.2117770650980179
11,2,short,0.540564077942438,0.49253487498262877,0.4979342913587276
11,2,video,0.2472653457647414,0.019043658672917452,0.2515826667453967
11,3,carousel,0.2860032443275868,0.11408431189164847,0.28986569584286387
11,3,image,0.20682562152596445,0.08094322629810524,0.21518475275528948
11,3,reel,0.19979838820900725,0.08292199244864734,0.19915674407027617
11,3,short,0.5090792143055196,0.5310338146700435,0.5086779637946072
11,3,video,0.222285495972395,0.04648006209552837,0.23433428208988352
11,4,carousel,0.18888937062823716,0.10272610758945581,0.198096398893672
11,4,image,0.17134451124062045,0.12190478474381623,0.17694499218388485
11,4,reel,0.20323623487544076,0.059258279563797596,0.2220348802178952
11,4,short,0.5721736828337349,0.4289396677903968,0.5488745513223295
11,4,video,0.17072373232998797,0.03418987921079661,0.1775803845078768
11,5,carousel,0.1972024769145976,0.10128002151707612,0.19866517149852622
11,5,image,0.1488684508990637,0.14991702329330928,0.14404900950653185
11,5,reel,0.1361864227894956,0.10591984481623887,0.13755533165716147
11,5,short,0.5334531484589925,0.49392063542945985,0.5307741633939954
11,5,video,0.22084366396024194,0.06259343632811235,0.2237003579354242
11,6,carousel,0.18844570551260173,0.04135707852713984,0.18177634069368154
11,6,image,0.2996906741092653,0.060734120798549764,0.32163153422283103
11,6,reel,0.22823721542676334,0.08504220213146745,0.22573943740699187
11,6,short,0.4546582459608662,0.5033080579204111,0.45680514408802775
11,6,video,0.21697477073475313,0.012363136692461783,0.22194902632007152
12,0,carousel,0.1803527100734858,0.09568741556687103,0.18557898278872217
12,0,image,0.20774531746335276,0.07979147182098445,0.2088228516284194
12,0,reel,0.18050521796999996,0.08586416225016454,0.192581720829865
12,0,short,0.5121079372352925,0.5323342055228428,0.48673943784580614
12,0,video,0.1852498365591611,0.020936135926201544,0.19565942727237662
12,1,carousel,0.12517543915048293,0.12127483921622963,0.13365313460639872
12,1,image,0.17992386036038768,0.0830937453092706,0.18885684432563832
12,1,reel,0.15372072788612973,0.11511915895943746,0.14353870397235602
12,1,short,0.49290273411531565,0.49999466810987464,0.4710027994203664
12,1,video,0.27190168238400936,0.05619155231704754,0.2664856343083584
12,2,carousel,0.19137048563312786,0.12776051064526592,0.1971624213167552
12,2,image,0.15391730780726878,0.09477438313300311,0.15311308010778799
12,2,reel,0.1673374498884478,0.060640699838455214,0.16395546808874564
12,2,short,0.5056495804207022,0.5420842939921251,0.5183286296128619
12,2,video,0.2699239942546192,0.02441987949703594,0.2877082368820613
12,3,carousel,0.1691535482125532,0.13874497112572556,0.18268966040235204
12,3,image,0.20614732078309034,0.08539103696539008,0.2145403722320903
12,3,reel,0.18829170954277677,0.07426507095269436,0.18903048672089043
12,3,short,0.5201920133860716,0.4237172249088372,0.5292813423710447
12,3,video,0.22845656560040953,0.05632967270113005,0.23286781957473998
12,4,carousel,0.15018581825819444,0.07755377740829263,0.15553199053441352
12,4,image,0.16411023669079658,0.07437576106390406,0.16456402716343327
12,4,reel,0.1554310198520444,0.07997621439375571,0.1634072181883537
12,4,short,0.5531001900261514,0.5089891566058954,0.529451075787135
12,4,video,0.18030220511157535,0.05279477285003412,0.17024611888378885
12,5,carousel,0.2132335216531233,0.08461498493193391,0.21879455821710034
12,5,image,0.13237417228286952,0.12154213862620804,0.139309620441389
12,5,reel,0.17254687117941214,0.051797198840740355,0.18053045096475284
12,5,short,0.5335858214559369,0.596652978322373,0.5239206170285117
12,5,video,0.22009148000636294,0.012828250528515488,0.22811244622227486
12,6,carousel,0.20257633270309053,0.11448728162850579,0.2188685046509937
12,6,image,0.19404816750817877,0.07028615154979075,0.19025731967470125
12,6,reel,0.17561931082592042,0.1345353146974263,0.18757511465661048
12,6,short,0.4971441551450794,0.4288188045893347,0.5030722718297004
12,6,video,0.24686096362223248,0.043607737915940366,0.24710510699896768
13,0,carousel,0.1983838518229832,0.19321364146262826,0.21806089665172393
13,0,image,0.18605790678914008,0.11749627628251758,0.19314981542147885
13,0,reel,0.19941462000210103,0.0914891406006443,0.20499532855133426
13,0,short,0.4692201625527768,0.5001422170609885,0.431048106428725
13,0,video,0.21844872102660184,0.0533131317589046,0.22502609384296937
13,1,carousel,0.18693624828531297,0.09059418879641264,0.19451570804692625
13,1,image,0.1759778109560794,0.08689557086473788,0.17952648394416504
13,1,reel,0.17976179331268483,0.14918959941302246,0.17861881851101333
13,1,short,0.39321983983917125,0.4854366080319094,0.398378584757984
13,1,video,0.2649860069095139,0.029309766264756433,0.284570420542446
13,2,carousel,0.19207273207258674,0.07818569597640572,0.1852270947442216
13,2,image,0.14330619625170618,0.08729086563441756,0.1484749789329808
13,2,reel,0.18501988918494316,0.10352367591534171,0.1775534838339575
13,2,short,0.6184021191837563,0.5275755560117056,0.5786011402819168
13,2,video,0.20918479310373647,0.02428687371725383,0.2143834225638471
13,3,carousel,0.18135157311126554,0.08637985382243929,0.18538863384248833
13,3,image,0.20060850203873054,0.07413251511820182,0.20443201311282955
13,3,reel,0.159169672773362,0.11677751221032942,0.16160971808618724
13,3,short,0.41709539886462477,0.47698134514290524,0.40279782749063797
13,3,video,0.19370790945347208,0.00978315618995164,0.20672424522219504
13,4,carousel,0.18527830917095395,0.11945122796078839,0.19466095653092513
13,4,image,0.13837206725969636,0.11079358481416052,0.14514477927345082
13,4,reel,0.18206425631504447,0.08380312792268524,0.1929634700332446
13,4,short,0.6430490006921977,0.44359173844805755,0.5635903693259405
13,4,video,0.24833717549993456,0.026344256555787853,0.2581101048552117
13,5,carousel,0.14479878599407384,0.11027523344368403,0.15204665695211603
13,5,image,0.16473821361045968,0.06669251286314572,0.1616044590570801
13,5,reel,0.1476590949120426,0.12927361529668502,0.1500673296322701
13,5,short,0.5463337392757803,0.4350483143568671,0.515706757947592
13,5,video,0.1789306137486387,0.010259690094603265,0.19524064261507043
13,6,carousel,0.17247561725176788,0.08412137587031072,0.18299633745034063
13,6,image,0.15428677933502657,0.12948145069105269,0.16085651230801915
13,6,reel,0.1740317706029251,0.08933977623055873,0.1908570664502312
13,6,short,0.501953088732324,0.4891816974506453,0.47597877300871244
13,6,video,0.17826458760364663,0.01865326536282331,0.18186289136926811
14,0,carousel,0.220632353955133,0.08997713810661956,0.2277806770981111
14,0,image,0.19714115346809633,0.07513057066210968,0.20351609869510645
14,0,reel,0.16344171633613067,0.08829713533548098,0.17256620688475216
14,0,short,0.4839165579552037,0.5201432022892616,0.4783175337148334
14,0,video,0.25738680587670154,0.023495279986808608,0.27201926770925206
14,1,carousel,0.20760192011176767,0.08755354648007667,0.21103236015653612
14,1,image,0.23854653273050086,0.10020648831310787,0.2457717408418234
14,1,reel,0.13405949454344965,0.14008322075582805,0.13734184689914292
14,1,short,0.4375270760863903,0.5155636741751097,0.40902671930669476
14,1,video,0.20064419614782855,0.03790152677872772,0.2091909725475155
14,2,carousel,0.1425622620993497,0.09830758483725334,0.14753881442396005
14,2,image,0.20312719430578088,0.08465086127977119,0.22002097719815317
14,2,reel,0.11540526002651208,0.06784093664484395,0.09839625836022023
14,2,short,0.5549815897466438,0.5329299094149419,0.525812585787511
14,2,video,0.263443383377832,0.02041400550378882,0.26340019683367616
14,3,carousel,0.25541103374243884,0.13836833820206987,0.2569998655010064
14,3,image,0.19716264012728726,0.08977478725738104,0.1997352556599764
14,3,reel,0.18657504743585865,0.07905322318057431,0.17993552217855593
14,3,short,0.5058807475626833,0.38051634821064245,0.5123675143016128
14,3,video,0.2626362399177219,0.06285529552098688,0.2832617440266353
14,4,carousel,0.21804204198693947,0.0494890713221795,0.22675227764234104
14,4,image,0.190845819248801,0.123403839916362,0.19949717471113945
14,4,reel,0.20824195219783445,0.11212286535730367,0.214656724478162
14,4,short,0.5118059541218338,0.5849684692329951,0.4739379176503668
14,4,video,0.22610641265489287,0.011749134671631547,0.24677985717146075
14,5,carousel,0.1780623142158744,0.09345541188521547,0.19690138601344795
14,5,image,0.23648522998699933,0.0600886764349302,0.24938020318900764
14,5,reel,0.16558308728732662,0.08888138372187006,0.17356970499635482
14,5,short,0.4877857011602399,0.5518902927588493,0.4918152883673776
14,5,video,0.2533952266768352,0.01239907009779722,0.25297260223182955
14,6,carousel,0.21079104805421375,0.10808772785287386,0.19566952617427033
14,6,image,0.21856091411138273,0.09592296234715439,0.23087300327185362
14,6,reel,0.16701289338093228,0.10845832323022388,0.17520723196862953
14,6,short,0.5354439849580711,0.4494193636282498,0.49474832326030865
14,6,video,0.2229065920026571,0.03921370845695609,0.2416119554900392
15,0,carousel,0.12689581505006814,0.080096297066057,0.1397433755265583
15,0,image,0.22459408401291267,0.14121549066472688,0.2307330869275
15,0,reel,0.14098209163470263,0.10968265514664767,0.15828730647529737
15,0,short,0.5289901663726483,0.538208283090848,0.5228504147226253
15,0,video,0.2003027503826779,0.050109236987348364,0.213589172862373
15,1,carousel,0.23703205511753614,0.11565269935840444,0.2452397433183491
15,1,image,0.21856694630368836,0.09964552518849516,0.21762200404159632
15,1,reel,0.2169733884832735,0.21849273153440252,0.22779972557589886
15,1,short,0.619490937488993,0.4836940898809321,0.5750711186049821
15,1,video,0.20697843764164403,0.016476186750727043,0.2163425447148465
15,2,carousel,0.15228179606880132,0.1277494890713222,0.1659974603717979
15,2,image,0.1796467592509313,0.09837542000069278,0.19033998129182866
15,2,reel,0.1064150596217972,0.047425439052270604,0.10436071205429368
15,2,short,0.3638823769035725,0.4848613505267153,0.3637560731975487
15,2,video,0.16368748843971126,0.016583184300198565,0.17610108367211227
15,3,carousel,0.18385055236996464,0.12242082048795133,0.1916975762303407
15,3,image,0.23304277928176012,0.12451690641963946,0.23874530156546717
15,3,reel,0.1910728177238283,0.11815975081069127,0.19289475711397078
15,3,short,0.4676901716828847,0.5733911780338842,0.4566122648287856
15,3,video,0.19942851334663897,0.015446408408427337,0.21484421176696242
15,4,carousel,0.19138847897568642,0.05904545821931253,0.20346589019722208
15,4,image,0.19578144807083048,0.06705784256963723,0.20430816759719064
15,4,reel,0.1879550940810659,0.09220716240356684,0.20292488110167445
15,4,short,0.5208846458935735,0.42447829294563694,0.5061861406609448
15,4,video,0.21995047550068347,0.01707645683943988,0.22694074064491623
15,5,carousel,0.17179164644509468,0.11174508122899997,0.1741724701862258
15,5,image,0.18260870470891252,0.08315890005591763,0.18413704975226292
15,5,reel,0.20752528741916296,0.1054158439848973,0.23116985858896755
15,5,short,0.5160883535606449,0.5431911317159761,0.474702479708904
15,5,video,0.22580854520860022,0.022076533643958493,0.24505293408260476
15,6,carousel,0.20025344865645825,0.10293971618922258,0.2061578027218238
15,6,image,0.18796511216411416,0.09602467572954948,0.19457668060315605
15,6,reel,0.21792544112098552,0.09554847375693266,0.22621132650112807
15,6,short,0.543794851179676,0.49254484043425534,0.5498875958334166
15,6,video,0.17474779072523347,0.02628955186455927,0.18331796289793673
16,0,carousel,0.17066788698514027,0.0607204094357269,0.18970775019325686
16,0,image,0.23104932447006432,0.13423489808193123,0.2362948171799899
16,0,reel,0.1830847300443797,0.1067977019343537,0.1865817343607013
16,0,short,0.49795596568499517,0.506935652506419,0.49731891149878954
16,0,video,0.24158248205077973,0.054229571638345166,0.24798254265868053
16,1,carousel,0.17705353209714156,0.10819935373089275,0.17773197698822912
16,1,image,0.17549567792280385,0.08978056046278014,0.18392355011762218
16,1,reel,0.13366918529292746,0.10533790571200942,0.1322192870332529
16,1,short,0.5350727794746701,0.43882018003434,0.5240941978940172
16,1,video,0.15728847383038846,0.012454518422059491,0.16870987644233443
16,2,carousel,0.19814735049827834,0.139016861608569,0.20338482839055916
16,2,image,0.1918112639161524,0.10508734859768841,0.201064500139514
16,2,reel,0.17941241614122116,0.08767839204683224,0.1931131928264827
16,2,short,0.4628925070335569,0.5158633127286396,0.44913968134387217
16,2,video,0.24526528463071728,0.01486573793931965,0.2638406835024555
16,3,carousel,0.24419855563224938,0.06574353112335031,0.24545660550951887
16,3,image,0.19782564330096084,0.06936978640189696,0.2130529575688512
16,3,reel,0.1463852054669911,0.10547992656482733,0.15598765408749266
16,3,short,0.5152206590845116,0.4421945499450737,0.5110792048695191
16,3,video,0.20745222969859772,0.01595609223324137,0.220498250515977
16,4,carousel,0.22429269611225186,0.11394175812756296,0.22631290691101882
16,4,image,0.23170470311782299,0.08637416309140303,0.23236204806523064
16,4,reel,0.12825441294389767,0.11726534806655352,0.14605103394643335
16,4,short,0.5815234244419634,0.5247506852847424,0.5346269792046761
16,4,video,0.22115257671069508,0.04968735621008143,0.22451936477350012
16,5,carousel,0.16227185374372935,0.1204665904603554,0.1698002578570841
16,5,image,0.19859984447654253,0.11219358712344268,0.2116182541937883
16,5,reel,0.1440373100612851,0.12089669426258846,0.15343410590737303
16,5,short,0.5567026368210265,0.38267378732155233,0.5510138667280704
16,5,video,0.20492205028717492,0.01064788479015164,0.19761991949037283
16,6,carousel,0.18938121390818694,0.09498539379034027,0.19282831969415476
16,6,image,0.21554870889686567,0.11231944300114309,0.22293805987137136
16,6,reel,0.21213160119510097,0.059531850774186844,0.225184236796163
16,6,short,0.581158019650203,0.4682625578545856,0.5556598359079343
16,6,video,0.31466075856240106,0.048870850591730214,0.305922146925893
17,0,carousel,0.1962871340999464,0.11671545025228908,0.19874101367060656
17,0,image,0.14390045266219043,0.09753974851917281,0.15114583889177569
17,0,reel,0.22108474451092197,0.09472482978666082,0.23247248945659926
17,0,short,0.5321816530804097,0.5992606841545338,0.5145372637395701
17,0,video,0.18260487145903975,0.03084307128818922,0.1883639900717127
17,1,carousel,0.1400355396540783,0.13615527613241424,0.14645566323662454
17,1,image,0.1872609481719966,0.13323362182865456,0.19357687687079017
17,1,reel,0.22654258564054783,0.11403235304305658,0.22695831823131316
17,1,short,0.5670264011214846,0.47036142345915277,0.525545933780348
17,1,video,0.27305069014368955,0.02541684909953457,0.27612965623503977
17,2,carousel,0.2205895047787262,0.07879992379368873,0.2146332379371742
17,2,image,0.1524633072063138,0.09078447964450251,0.15683076943672067
17,2,reel,0.13719091536561087,0.041232232960384266,0.1510786480611772
17,2,short,0.43344150531994047,0.5570811080591157,0.4208240920048742
17,2,video,0.270100761302455,0.04793638711197177,0.281092255347108
17,3,carousel,0.14657512363732073,0.08536646383471698,0.1596494585264861
17,3,image,0.20458337226436982,0.09732181001535672,0.20692623268595667
17,3,reel,0.19864158960452336,0.09354844296650386,0.20695595669543093
17,3,short,0.5466676585196425,0.4697774099291649,0.5186984432437958
17,3,video,0.17372517816411712,0.013371342369928978,0.16645164438460835
17,4,carousel,0.249324568400535,0.06700310021129932,0.254965084893968
17,4,image,0.20338301013049642,0.08989668061683026,0.2166872226826128
17,4,reel,0.26164199268397603,0.09015437551237197,0.26419964381527045
17,4,short,0.5612967255085206,0.5332370652492585,0.5664197774657251
17,4,video,0.22025851130028876,0.04183658811291683,0.23061214053692025
17,5,carousel,0.1939805568040766,0.12370457143396975,0.19742869621853096
17,5,image,0.20573139881136285,0.10015134680000105,0.19983238633483813
17,5,reel,0.2030472810186542,0.10066738254413615,0.20411824374242438
17,5,short,0.4773450862761029,0.5548046174334674,0.43298485674735077
17,5,video,0.2141494433995763,0.038705621972241186,0.22502206531180266
17,6,carousel,0.20636253567486654,0.09061854122645975,0.2152297128073066
17,6,image,0.17513441766006205,0.08929777616128026,0.17159393752328128
17,6,reel,0.19334883801966665,0.08488343898299214,0.1944065215388962
17,6,short,0.47193153730435705,0.5028132162233521,0.47838328452558443
17,6,video,0.20660820502717722,0.014639356236651503,0.21823427523503935
18,0,carousel,0.10274385850447952,0.09214035816966296,0.1061361086031305
18,0,image,0.16550128713706805,0.10534656552010808,0.17119857340351446
18,0,reel,0.1732568457018808,0.17135835825433665,0.1635875116346845
18,0,short,0.3982457645526792,0.511459739474353,0.40868239398297634
18,0,video,0.19635675263315172,0.019102138859017227,0.20722197699779735
18,1,carousel,0.1713872276572625,0.09725156934966767,0.1795551999420851
18,1,image,0.25459276068648573,0.13424261318369185,0.25641722720652393
18,1,reel,0.15484078888501215,0.09635118985763276,0.17149113269597455
18,1,short,0.5984460996579485,0.6074157622065268,0.5914496980512748
18,1,video,0.22208781445959166,0.015601761095084618,0.22596440610184024
18,2,carousel,0.17669675760742082,0.06527330354359348,0.18421988429007388
18,2,image,0.18100977972489765,0.09224056452051879,0.18563572829544578
18,2,reel,0.1858481994391443,0.13692696125409418,0.19190799359278712
18,2,short,0.4522707695315875,0.5156291217799612,0.4411114484018374
18,2,video,0.207600731196567,0.06637038818780079,0.2043647907022336
18,3,carousel,0.17316186470876335,0.1513228189940234,0.17852656792659052
18,3,image,0.18513398468845912,0.09571512695278672,0.18855934230995625
18,3,reel,0.2278176831732037,0.07688672476160785,0.22878855545662205
18,3,short,0.5865104667003724,0.4949885714743657,0.5605320866572666
18,3,video,0.15414223480056027,0.01629418371632863,0.16169411823763294
18,4,carousel,0.19063013917675994,0.13402496334014571,0.19300941849519926
18,4,image,0.1508977552411901,0.1049222349232741,0.1570459887159849
18,4,reel,0.22466586946115552,0.08805942360317295,0.2316237836719539
18,4,short,0.4779413140780298,0.5570768031571359,0.479716909171297
18,4,video,0.23421834016239249,0.06598537056706025,0.23568746090580298
18,5,carousel,0.19549533318255974,0.1066541965430046,0.20149950165334288
18,5,image,0.19554530560790412,0.0969693820675843,0.2139248992046556
18,5,reel,0.21377380222666817,0.10437115622608713,0.2146575415039198
18,5,short,0.46595147206146964,0.49078771535100285,0.4653894432647062
18,5,video,0.15514051830468398,0.0253985346833993,0.16593239245148986
18,6,carousel,0.2445072277551099,0.14179569780733658,0.26266136115435074
18,6,image,0.1410487512243891,0.07909435726904292,0.14957324782434636
18,6,reel,0.23999328632185035,0.07910561501957117,0.2374756365772761
18,6,short,0.5528774002775003,0.5419505614698,0.5322033153948663
18,6,video,0.22617315025713164,0.027432998067660905,0.24157524479229894
19,0,carousel,0.1445241310579648,0.11504161431419044,0.15059437918193727
19,0,image,0.2180446825331325,0.07589239322456615,0.2231667450438225
19,0,reel,0.18085818838429701,0.09700139711570659,0.1849458864473751
19,0,short,0.5527544793586305,0.47015356995131685,0.5237906676448782
19,0,video,0.1711238292303949,0.020321812309461795,0.1794270240034481
19,1,carousel,0.1408865719928359,0.10317452819790968,0.1475574258895197
19,1,image,0.20042370441833227,0.08336450864248848,0.20372215384115452
19,1,reel,0.20772643549636802,0.15163323980740587,0.21084391204920047
19,1,short,0.6036185165330609,0.47891244583631254,0.5642973739928806
19,1,video,0.21992208327471252,0.044167851071115004,0.2155539344448548
19,2,carousel,0.12580650482991074,0.12961808321883142,0.12551708476802176
19,2,image,0.25200037864213887,0.058615354417079456,0.2583623738083951
19,2,reel,0.2083495350442223,0.042277183137621674,0.218280012959616
19,2,short,0.4422009504548296,0.4598300346691037,0.41388934486643725
19,2,video,0.216924615294406,0.052210377834798004,0.223566582087222
19,3,carousel,0.1600158737123273,0.11657545002136087,0.16747889641372318
19,3,image,0.16256476851575807,0.14651987782538975,0.1669762547190176
19,3,reel,0.21530571431441053,0.12013078234630765,0.2206365327377479
19,3,short,0.5563516672177155,0.5958030547422757,0.6011391252265674
19,3,video,0.226627006983496,0.040054271930677135,0.21442456360854273
19,4,carousel,0.21097414301760709,0.11388802290807903,0.21529746012451012
19,4,image,0.1547907132921881,0.12855406396921518,0.17261711317374767
19,4,reel,0.16737369800649388,0.05747885769708486,0.16643838812874878
19,4,short,0.6361213551379385,0.47590173925154805,0.5763810120410595
19,4,video,0.1381603163077856,0.019257023979638348,0.1500579704404745
19,5,carousel,0.1871653086745725,0.09457549620700405,0.20778769065559616
19,5,image,0.14508284353920414,0.07983765746417726,0.14570269739867137
19,5,reel,0.1608120495452329,0.09017891163531816,0.17301798876380645
19,5,short,0.46607656323120816,0.6109449691754395,0.4100295030563189
19,5,video,0.18817254530442068,0.020504278116453296,0.20145902326118406
19,6,carousel,0.1989075776358209,0.15258870530095722,0.21014871398844595
19,6,image,0.19118982510174198,0.12922598635214244,0.19505705477068747
19,6,reel,0.22625395595256953,0.09090279286683735,0.24065846701913715
19,6,short,0.5514718059594037,0.47939440725044385,0.5186429141045121
19,6,video,0.19007277419427432,0.08542115722498628,0.19644224005967623
20,0,carousel,0.23368159654670062,0.09868825556825661,0.24100074770151136
20,0,image,0.20686145854597732,0.10295645848487997,0.21392997200092395
20,0,reel,0.185698162487577,0.22425785444594548,0.18582651044066165
20,0,short,0.47426252493230053,0.5885236456185834,0.4284554352383922
20,0,video,0.15739605782926394,0.015303767447282509,0.16494933381241444
20,1,carousel,0.18278408396129084,0.10557880582820832,0.17888057326618786
20,1,image,0.16487996500820506,0.0982801621116076,0.19092631119553177
20,1,reel,0.21932568039055544,0.1146509107643889,0.23013127266604244
20,1,short,0.5021472229875871,0.4396275127141219,0.4746086682088725
20,1,video,0.18686976226431945,0.020804618955917942,0.19870124082944093
20,2,carousel,0.1907315475802556,0.05194782701797147,0.20588146998981652
20,2,image,0.21743951447515886,0.07868301638435692,0.21969865984851353
20,2,reel,0.2610260055432631,0.11634740840809633,0.255114804105528
20,2,short,0.525212000425485,0.46333194632828917,0.4880455469105261
20,2,video,0.23456877933935721,0.047280751469592555,0.23346745891241888
20,3,carousel,0.19755597756496301,0.07408812220721188,0.20881915720165817
20,3,image,0.1823452162181163,0.09540510582285497,0.1809498737499573
20,3,reel,0.1597541062778553,0.06164397796944819,0.15724197778368426
20,3,short,0.5206745003108085,0.4875161729349141,0.4752909070645364
20,3,video,0.17302948470788515,0.018583185740917996,0.18759413851588255
20,4,carousel,0.17347575741653973,0.06544890520781615,0.15229442052071526
20,4,image,0.2100373648944282,0.09658160260882905,0.19820035373386585
20,4,reel,0.17421813737464426,0.13867816689182166,0.19159437843686047
20,4,short,0.6328968897174337,0.557047605118537,0.5867977863795087
20,4,video,0.18662442361376433,0.03465576126889944,0.20166689760692263
20,5,carousel,0.2101023224140278,0.10513007031764177,0.212513946690709
20,5,image,0.1685556250100487,0.094312238040805,0.17827937127832577
20,5,reel,0.12919973753690167,0.07363261630122277,0.12541655781071986
20,5,short,0.48156325025625935,0.494452719854271,0.4722367101470878
20,5,video,0.18237519464917773,0.006452264429964228,0.19880318011379758
20,6,carousel,0.17692717152159385,0.08448508781045412,0.17502115484493125
20,6,image,0.18698260364418873,0.1307988239980602,0.18814805254186392
20,6,reel,0.230974319775413,0.1707281166649347,0.22864561225762145
20,6,short,0.6119214798492995,0.48600301287338016,0.5919701493350221
20,6,video,0.21084267780535754,0.04079796932984858,0.20902253312083602
21,0,carousel,0.21299249406700563,0.10253460211893133,0.21753866894249432
21,0,image,0.18059564733795844,0.13644078738124255,0.18703947493256876
21,0,reel,0.21137567048705558,0.08078363840600149,0.2134008259819961
21,0,short,0.45261420970850974,0.47634195972835236,0.41192827269227766
21,0,video,0.2125960874761093,0.017639125885927927,0.21619771845474872
21,1,carousel,0.17772472943100776,0.06379601900749153,0.17111193092206092
21,1,image,0.20051720150325178,0.0772281686237833,0.20346522823658164
21,1,reel,0.18889938900379302,0.08385003521655293,0.2055618040289647
21,1,short,0.5416350325518571,0.5543424112618278,0.5016711108394019
21,1,video,0.2072200848331015,0.024753767696040683,0.22181350409581285
21,2,carousel,0.11638342107831984,0.10342408812220721,0.12007807915299291
21,2,image,0.20100979294565083,0.1047222720817234,0.20479703106825387
21,2,reel,0.20788832217108183,0.06757371970922839,0.20278916131984862
21,2,short,0.4437395917595013,0.5136446765464265,0.39881075020520457
21,2,video,0.21792290453894508,0.027476425096184854,0.2341201454266794
21,3,carousel,0.17581065219756908,0.06408642873362816,0.1820716313871672
21,3,image,0.2148507258698806,0.07421322312728319,0.2154682586632982
21,3,reel,0.33367235575759935,0.10525130763102289,0.3374720025629994
21,3,short,0.5462376540235672,0.5364816970430372,0.529538725715764
21,3,video,0.16580705674908186,0.04247849060962619,0.16888886962762004
21,4,carousel,0.15318717125865386,0.07714157054279677,0.1670308056862957
21,4,image,0.1518986277488723,0.11320486026918533,0.15474568206506328
21,4,reel,0.1304247798446791,0.07795847910676966,0.13188496857443902
21,4,short,0.43972622921839866,0.45681270023777304,0.4423989333956413
21,4,video,0.20192497219960262,0.024517067125565346,0.21650000438951367
21,5,carousel,0.11986971837924336,0.10530574071050014,0.1186041719654399
21,5,image,0.16238925327829312,0.10790986871730923,0.16492916811798253
21,5,reel,0.16800737361389095,0.13137506206195804,0.16835876328966937
21,5,short,0.4810085616600907,0.533014529082063,0.49846459361585016
21,5,video,0.19711205281418495,0.01671288727854135,0.20990871056285174
21,6,carousel,0.18870686963653252,0.10349721539059584,0.19532775306620725
21,6,image,0.18834751627288793,0.0871503843030394,0.19498186970571352
21,6,reel,0.25743970017824436,0.12456441165263779,0.2820687084080419
21,6,short,0.552531820257566,0.5277811212222695,0.5217375414890087
21,6,video,0.2217682028843747,0.01393840779905969,0.23135605603864123
22,0,carousel,0.2039336544919023,0.09376262888681053,0.23335977085520132
22,0,image,0.16403592542135184,0.06215793758010322,0.1747999525082616
22,0,reel,0.1497715526856448,0.12925629568048772,0.14198742046627993
22,0,short,0.47155021905482086,0.5664449328527609,0.4326463080500109
22,0,video,0.1562186197565755,0.01936940780058636,0.16838301203541214
22,1,carousel,0.24036815989316934,0.060452883221250676,0.26699522848908064
22,1,image,0.22897836030614538,0.07335819660458547,0.23330648244485808
22,1,reel,0.17922277986564042,0.06659103767593844,0.17020183728236546
22,1,short,0.45464468689628096,0.5383337223458826,0.4593539767674373
22,1,video,0.2284561309583264,0.04819240959228619,0.2332346010453937
22,2,carousel,0.20861858121168017,0.1512789749306428,0.2176589134006173
22,2,image,0.18123753430906325,0.0615604108212962,0.18049970513511387
22,2,reel,0.2483056024736527,0.0705808999272576,0.24846480402058932
22,2,short,0.5069408823667966,0.5179100566732372,0.48911539981449786
22,2,video,0.18210113208825252,0.011925145556936861,0.18620786976231218
22,3,carousel,0.1270754393587255,0.10916711540217724,0.12844768259403042
22,3,image,0.2527076768570975,0.09296130797741523,0.24999557862185556
22,3,reel,0.2633690697979969,0.056664835735811526,0.25654673679611817
22,3,short,0.4992819225534519,0.5548123690630508,0.48512977144022207
22,3,video,0.22481039659150107,0.04825606641138475,0.23529260955101902
22,4,carousel,0.16255313678265146,0.08346323045481312,0.17622647261654087
22,4,image,0.20384075773873975,0.13804678815590174,0.2025839723928546
22,4,reel,0.18481600938844156,0.058439271652406845,0.2019527213981139
22,4,short,0.5353207711710716,0.5224104035646239,0.5356769657518757
22,4,video,0.16553211721625494,0.015600890327862773,0.1773961797201912
22,5,carousel,0.13382503984557587,0.10544644197351254,0.13708555926142127
22,5,image,0.2125543045800282,0.17338667775122102,0.21869185863983368
22,5,reel,0.24665626437432403,0.09811779070975787,0.2364064583064014
22,5,short,0.525786077321021,0.471196208580181,0.5131683651599144
22,5,video,0.2320102683285452,0.015258102534573381,0.23976657663298895
22,6,carousel,0.21694509221166644,0.07017166213882414,0.2112577424496134
22,6,image,0.15775504897588194,0.09678943800319671,0.17182300689925323
22,6,reel,0.23871636632162088,0.05460658491807822,0.24063360808234702
22,6,short,0.5083257199086126,0.5349656409181339,0.46616521297055585
22,6,video,0.17367530467077896,0.039702180615150746,0.1885154004494134
23,0,carousel,0.17556718471646848,0.09528906439433302,0.1704550134880662
23,0,image,0.14430305389910275,0.10370812982784301,0.14910445922822527
23,0,reel,0.27978914109273517,0.09935830821988985,0.2775830235867513
23,0,short,0.48039422313454555,0.5681257552609934,0.45768555825321666
23,0,video,0.2576828290603588,0.023659589834107448,0.27034172743817364
23,1,carousel,0.19803108182121926,0.11007308878035263,0.21048946294892712
23,1,image,0.16781688846093018,0.10561378245572363,0.1762083946602568
23,1,reel,0.12800004313339639,0.11784266860646368,0.1346874550803189
23,1,short,0.4932460367567548,0.5203515641340083,0.4951340486430679
23,1,video,0.21004775317595367,0.08853642321225207,0.20828215962219493
23,2,carousel,0.18077245047011473,0.09672533293025863,0.18806313129184576
23,2,image,0.18045855416121906,0.07884013004557533,0.18506864121714872
23,2,reel,0.24040669014825772,0.1401330146523953,0.24827848347293408
23,2,short,0.6323137180801235,0.4919983253723965,0.5944320445501842
23,2,video,0.1808592735394572,0.010879579482441936,0.19012287836832206
23,3,carousel,0.19003753094915876,0.06530597463778384,0.19266396938842212
23,3,image,0.16088230596893122,0.08925045649559835,0.16853394317246595
23,3,reel,0.23613706110532012,0.1060974945938055,0.2444220762766506
23,3,short,0.6173756053190431,0.5385146659616077,0.5545933528985032
23,3,video,0.19520050264073577,0.012246650968836046,0.21481472420149772
23,4,carousel,0.1806042353942273,0.09515397138799404,0.1944192475477731
23,4,image,0.18160923712356156,0.08135394862506991,0.18044026756968284
23,4,reel,0.15232182927878676,0.06108628632789497,0.17675198703314624
23,4,short,0.5233725987969725,0.5169394691703142,0.48639078187253226
23,4,video,0.22165655647167792,0.040712265198738454,0.24484697026407368
23,5,carousel,0.18494189412719006,0.09174778020252404,0.18935000894814644
23,5,image,0.1618341963047916,0.06487928227510478,0.16563045482178845
23,5,reel,0.24048266278171077,0.06683639890540026,0.23362441628080466
23,5,short,0.501624640474725,0.5812283604315993,0.5023784343101704
23,5,video,0.2483992834778836,0.05665186836134093,0.2490133298652797
23,6,carousel,0.1583284943865274,0.11701277033034281,0.1568141023264974
23,6,image,0.17429554474810818,0.08492385142078585,0.1794775117724066
23,6,reel,0.20093114563289557,0.08151766023531586,0.21982884887991497
23,6,short,0.546353221317219,0.5780522792796222,0.5216337921675983
23,6,video,0.244626514804956,0.007809040455040409,0.2266041411307599
